Date,"Total Users","Full Members",Guests,"Daily Active Users","Daily Users Posting Messages","Weekly Active Users","Weekly Users Posting Messages","Messages in Public Channels","Messages in Private Channels","Messages in Shared Channels","Messages in DMs","% of Messages Posted in Public Channels","% of Messages Posted in Private Channels","% of Messages Posted in DMs","% of Messages Read in Public Channels","% of Messages Read in Private Channels","% of Messages Read in DMs","Files Uploaded","Messages from Users",Name,"Public Workspace Channels","Messages Posted","Messages from Apps"
2016-05-13,0,0,0,0,0,0,0,0,0,0,0,0,0,0,0,0,0,0,0,0,0,0,0
2016-05-14,0,0,0,0,0,0,0,0,0,0,0,0,0,0,0,0,0,0,0,0,0,0,0
2016-05-15,0,0,0,0,0,0,0,0,0,0,0,0,0,0,0,0,0,0,0,0,0,0,0
2016-05-16,0,0,0,0,0,0,0,0,0,0,0,0,0,0,0,0,0,0,0,0,0,0,0
2016-05-17,0,0,0,0,0,0,0,0,0,0,0,0,0,0,0,0,0,0,0,0,0,0,0
2016-05-18,0,0,0,0,0,0,0,0,0,0,0,0,0,0,0,0,0,0,0,0,0,0,0
2016-05-19,0,0,0,0,0,0,0,0,0,0,0,0,0,0,0,0,0,0,0,0,0,0,0
2016-05-20,0,0,0,0,0,0,0,0,0,0,0,0,0,0,0,0,0,0,0,0,0,0,0
2016-05-21,0,0,0,0,0,0,0,0,0,0,0,0,0,0,0,0,0,0,0,0,0,0,0
2016-05-22,0,0,0,0,0,0,0,0,0,0,0,0,0,0,0,0,0,0,0,0,0,0,0
2016-05-23,0,0,0,0,0,0,0,0,0,0,0,0,0,0,0,0,0,0,0,0,0,0,0
2016-05-24,0,0,0,0,0,0,0,0,0,0,0,0,0,0,0,0,0,0,0,0,0,0,0
2016-05-25,0,0,0,0,0,0,0,0,0,0,0,0,0,0,0,0,0,0,0,0,0,0,0
2016-05-26,0,0,0,0,0,0,0,0,0,0,0,0,0,0,0,0,0,0,0,0,0,0,0
2016-05-27,0,0,0,2,1,0,0,0,0,0,1,0,0,1,0,0,0,0,1,0,0,0,0
2016-05-28,0,0,0,1,0,0,0,0,0,0,0,0,0,0,0,0,0,0,0,0,0,0,0
2016-05-29,0,0,0,0,0,0,0,0,0,0,0,0,0,0,0,0,0,0,0,0,0,0,0
2016-05-30,0,0,0,0,0,0,0,0,0,0,0,0,0,0,0,0,0,0,0,0,0,0,0
2016-05-31,0,0,0,0,0,0,0,0,0,0,0,0,0,0,0,0,0,0,0,0,0,0,0
2016-06-01,5,5,0,1,0,1,0,0,0,0,0,0,0,0,1,0,0,0,0,0,2,0,0
2016-06-02,5,5,0,0,0,1,0,0,0,0,0,0,0,0,0,0,0,0,0,0,2,0,0
2016-06-03,5,5,0,0,0,1,0,0,0,0,0,0,0,0,0,0,0,0,0,0,2,0,0
2016-06-04,5,5,0,0,0,1,0,0,0,0,0,0,0,0,0,0,0,0,0,0,2,0,0
2016-06-05,5,5,0,0,0,1,0,0,0,0,0,0,0,0,0,0,0,0,0,0,2,0,0
2016-06-06,17,17,0,13,9,13,9,70,19,0,200,0.2422,0.0657,0.692,0.3932,0.0508,0.5559,3,289,0,4,0,0
2016-06-07,22,22,0,18,14,20,14,147,183,0,166,0.2964,0.369,0.3347,0.4605,0.2822,0.2573,1,496,0,5,0,0
2016-06-08,24,24,0,18,13,22,16,115,91,0,206,0.2791,0.2209,0.5,0.4695,0.1552,0.3752,4,412,0,6,0,5
2016-06-09,25,25,0,18,12,23,17,25,206,0,260,0.0509,0.4196,0.5295,0.1646,0.3818,0.4535,1,491,0,6,0,0
2016-06-10,25,25,0,17,7,23,17,14,110,0,14,0.1014,0.7971,0.1014,0.3374,0.5775,0.0851,9,138,0,6,0,1
2016-06-11,25,25,0,9,4,23,17,1,10,0,115,0.0079,0.0794,0.9127,0.0372,0.0744,0.8884,0,126,0,6,0,0
2016-06-12,26,26,0,16,10,24,18,57,37,0,93,0.3048,0.1979,0.4973,0.5553,0.167,0.2777,4,187,0,8,0,1
2016-06-13,26,26,0,19,10,23,18,207,68,0,88,0.5702,0.1873,0.2424,0.7354,0.1226,0.142,2,363,0,8,0,0
2016-06-14,27,27,0,16,10,22,17,103,62,0,200,0.2822,0.1699,0.5479,0.4347,0.1896,0.3757,1,365,0,9,0,0
2016-06-15,27,27,0,15,10,22,16,80,7,0,26,0.708,0.0619,0.2301,0.8209,0.093,0.086,4,113,0,9,3421,0
2016-06-16,27,27,0,16,9,22,15,79,188,0,95,0.2182,0.5193,0.2624,0.3255,0.4599,0.2145,4,362,0,9,3808,0
2016-06-17,27,27,0,11,6,21,16,22,5,0,116,0.1538,0.035,0.8112,0.2656,0.0563,0.6781,1,143,0,9,3962,0
2016-06-18,28,28,0,8,4,22,17,1,5,0,1,0.1429,0.7143,0.1429,0.5,0.3846,0.1154,1,7,0,9,3975,0
2016-06-19,28,28,0,9,5,22,16,4,10,0,2,0.25,0.625,0.125,0.678,0.2881,0.0339,0,16,0,9,3991,0
2016-06-20,28,28,0,17,12,22,18,64,258,0,203,0.1219,0.4914,0.3867,0.2715,0.4399,0.2886,3,525,0,12,4637,8
2016-06-21,28,28,0,18,11,21,18,20,27,0,165,0.0943,0.1274,0.7783,0.2992,0.1352,0.5656,0,212,0,12,4914,9
2016-06-22,28,28,0,16,12,22,19,89,32,0,325,0.1996,0.0717,0.7287,0.4035,0.0811,0.5154,1,446,0,12,5425,8
2016-06-23,28,28,0,16,11,22,18,19,40,0,88,0.1293,0.2721,0.5986,0.3601,0.2477,0.3922,0,147,0,12,5634,6
2016-06-24,28,28,0,13,9,22,16,39,13,0,33,0.4588,0.1529,0.3882,0.6946,0.1174,0.1879,0,85,0,12,5769,7
2016-06-25,28,28,0,9,4,22,15,0,5,0,4,0,0.5556,0.4444,0.2308,0.3846,0.3846,0,9,0,12,5779,0
2016-06-26,28,28,0,11,4,22,15,14,7,0,3,0.5833,0.2917,0.125,0.7027,0.2432,0.0541,0,24,0,12,5802,0
2016-06-27,33,33,0,22,16,25,18,60,45,0,166,0.2214,0.1661,0.6125,0.4419,0.1509,0.4072,2,271,0,12,6168,7
2016-06-28,34,34,0,22,15,25,20,116,27,0,148,0.3986,0.0928,0.5086,0.6259,0.0882,0.2859,7,291,0,12,6539,12
2016-06-29,34,34,0,18,13,25,20,79,17,0,208,0.2599,0.0559,0.6842,0.4889,0.0598,0.4512,2,304,0,12,6898,8
2016-06-30,34,34,0,18,12,25,20,46,46,0,106,0.2323,0.2323,0.5354,0.4932,0.1287,0.3782,3,198,0,12,7184,8
2016-07-01,35,35,0,15,8,26,20,6,0,0,34,0.15,0,0.85,0.6299,0.0195,0.3506,0,40,0,12,7274,7
2016-07-02,35,35,0,8,2,26,20,0,0,0,39,0,0,1,0.1685,0.0112,0.8202,1,39,0,12,7310,0
2016-07-03,35,35,0,5,2,26,20,0,1,0,53,0,0.0185,0.9815,0.0099,0.0396,0.9505,4,54,0,12,7369,0
2016-07-04,35,35,0,18,13,27,19,52,37,0,290,0.1372,0.0976,0.7652,0.2865,0.1005,0.613,7,379,0,12,7823,9
2016-07-05,36,36,0,16,12,25,18,27,74,0,125,0.1195,0.3274,0.5531,0.3216,0.2583,0.42,3,226,0,12,8129,9
2016-07-06,36,36,0,12,9,24,17,40,7,0,280,0.1223,0.0214,0.8563,0.2732,0.0256,0.7013,4,327,0,12,8523,8
2016-07-07,36,36,0,16,8,23,15,11,27,0,112,0.0733,0.18,0.7467,0.3094,0.1326,0.558,2,150,0,12,8715,6
2016-07-08,36,36,0,16,9,22,15,58,0,0,142,0.29,0,0.71,0.486,0,0.514,1,200,0,12,8974,8
2016-07-09,36,36,0,11,4,21,16,37,0,0,6,0.8605,0,0.1395,0.898,0,0.102,1,43,0,12,9023,0
2016-07-10,36,36,0,13,6,21,16,37,0,0,8,0.8222,0,0.1778,0.8582,0,0.1418,0,45,0,12,9069,0
2016-07-11,36,36,0,18,12,22,14,26,2,0,44,0.3611,0.0278,0.6111,0.7036,0.0357,0.2607,0,72,0,12,9197,6
2016-07-12,36,36,0,17,12,21,14,293,0,0,177,0.6234,0,0.3766,0.7988,0.0007,0.2005,16,470,0,12,9738,6
2016-07-14,36,36,0,16,13,22,17,100,0,0,57,0.6369,0,0.3631,0.7875,0,0.2125,3,157,0,12,10229,7
2016-07-15,36,36,0,18,10,21,17,64,0,0,40,0.6154,0,0.3846,0.7717,0,0.2283,0,104,0,12,10382,7
2016-07-16,36,36,0,14,4,21,17,11,0,0,10,0.5238,0,0.4762,0.7792,0,0.2208,1,21,0,12,10405,0
2016-07-17,36,36,0,4,0,22,17,0,0,0,0,0,0,0,1,0,0,0,0,0,12,10405,0
2016-07-19,36,36,0,20,11,22,16,17,0,0,37,0.3148,0,0.6852,0.6701,0,0.3299,1,54,0,12,10636,8
2016-07-20,36,36,0,19,13,22,16,127,8,0,64,0.6382,0.0402,0.3216,0.8584,0.0179,0.1237,6,199,0,12,10899,6
2016-07-21,36,36,0,19,14,22,18,143,0,0,252,0.362,0,0.638,0.662,0.0021,0.3358,4,395,0,12,11742,10
2016-07-22,37,37,0,20,12,24,20,41,8,0,71,0.3417,0.0667,0.5917,0.6578,0.0292,0.313,6,120,0,12,12038,1
2016-07-23,37,37,0,19,12,27,21,39,6,0,48,0.4194,0.0645,0.5161,0.5686,0.0556,0.3758,4,93,0,12,12488,0
2016-07-24,37,37,0,16,5,28,21,3,1,0,3,0.4286,0.1429,0.4286,0.7115,0.1154,0.1731,0,7,0,12,12496,0
2016-07-25,37,37,0,18,11,28,21,17,20,0,113,0.1133,0.1333,0.7533,0.3975,0.0875,0.515,1,150,0,12,12740,0
2016-07-26,26,26,0,20,11,28,23,3,23,0,117,0.021,0.1608,0.8182,0.205,0.1483,0.6467,1,143,0,12,12974,0
2016-07-27,26,26,0,21,16,29,23,77,0,0,184,0.295,0,0.705,0.4686,0.0031,0.5283,2,261,0,12,13348,0
2016-07-28,26,26,0,18,14,29,22,99,8,0,284,0.2532,0.0205,0.7263,0.457,0.0229,0.52,11,391,0,12,13839,0
2016-07-29,26,26,0,17,11,27,21,106,1,0,48,0.6839,0.0065,0.3097,0.7912,0.0116,0.1972,1,155,0,12,14074,0
2016-07-30,26,26,0,14,6,24,19,12,5,0,18,0.3429,0.1429,0.5143,0.5859,0.1313,0.2828,0,35,0,12,14130,0
2016-07-31,26,26,0,13,6,23,19,18,0,0,0,1,0,0,0.9895,0,0.0105,0,18,0,12,14151,0
2016-08-01,26,26,0,16,10,23,19,14,60,0,103,0.0791,0.339,0.5819,0.2456,0.2857,0.4687,4,177,0,12,14394,0
2016-08-02,26,26,0,18,14,23,19,170,23,0,264,0.372,0.0503,0.5777,0.5769,0.0421,0.3811,1,457,0,12,14966,3
2016-08-03,27,27,0,21,16,24,21,139,4,0,192,0.4149,0.0119,0.5731,0.6317,0.0178,0.3505,9,335,0,13,15416,1
2016-08-04,27,27,0,19,13,24,20,103,2,0,135,0.4292,0.0083,0.5625,0.6353,0.0132,0.3515,1,240,0,0,15742,4
2016-08-05,27,27,0,17,11,23,20,112,2,0,109,0.5022,0.009,0.4888,0.7601,0.0139,0.2261,4,223,0,13,16077,8
2016-08-06,27,27,0,11,2,23,20,8,0,0,11,0.4211,0,0.5789,0.5769,0,0.4231,0,19,0,13,16097,0
2016-08-07,27,27,0,14,5,23,19,3,0,0,28,0.0968,0,0.9032,0.3684,0,0.6316,0,31,0,13,16128,0
2016-08-08,27,27,0,17,11,22,19,102,1,0,539,0.1589,0.0016,0.8396,0.2863,0.0025,0.7111,1,642,0,13,16866,5
2016-08-09,27,27,0,19,13,22,18,62,1,0,146,0.2967,0.0048,0.6986,0.5396,0.0126,0.4478,2,209,0,13,17160,2
2016-08-10,27,27,0,21,13,21,15,193,2,0,121,0.6108,0.0063,0.3829,0.7508,0.0085,0.2407,5,316,0,13,17563,0
2016-08-11,27,27,0,18,10,21,14,60,0,0,26,0.6977,0,0.3023,0.8298,0.0186,0.1516,2,86,0,13,17766,45
2016-08-12,27,27,0,18,11,21,15,218,0,0,70,0.7569,0,0.2431,0.8851,0,0.1149,7,288,0,13,18225,69
2016-08-13,27,27,0,13,7,21,15,15,0,0,30,0.3333,0,0.6667,0.5809,0,0.4191,0,45,0,13,18309,39
2016-08-14,27,27,0,10,2,21,15,0,1,0,8,0,0.1111,0.8889,0.25,0.325,0.425,7,9,0,13,18323,1
2016-08-15,27,27,0,19,14,23,17,179,12,0,134,0.5508,0.0369,0.4123,0.7283,0.0333,0.2384,5,325,0,13,18752,7
2016-08-16,27,27,0,20,13,23,18,248,6,0,147,0.6185,0.015,0.3666,0.7648,0.0182,0.217,14,401,0,13,19285,21
2016-08-17,27,27,0,21,13,23,19,217,3,0,68,0.7535,0.0104,0.2361,0.8545,0.0183,0.1272,3,288,0,13,19679,2
2016-08-18,27,27,0,21,16,24,21,45,6,0,56,0.4206,0.0561,0.5234,0.6511,0.0577,0.2912,0,107,0,13,19877,11
2016-08-19,27,27,0,18,13,24,20,86,3,0,64,0.5621,0.0196,0.4183,0.7396,0.0241,0.2363,2,153,0,14,20140,3
2016-08-20,27,27,0,15,5,23,19,11,6,0,5,0.5,0.2727,0.2273,0.6842,0.1316,0.1842,1,22,0,14,20170,5
2016-08-21,27,27,0,14,7,23,19,14,24,0,0,0.3684,0.6316,0,0.6889,0.3111,0,1,38,0,14,20211,0
2016-08-22,27,27,0,19,13,23,18,204,6,0,64,0.7445,0.0219,0.2336,0.8577,0.0113,0.131,6,274,0,14,20592,2
2016-08-23,27,27,0,22,17,25,21,155,0,0,111,0.5827,0,0.4173,0.7526,0,0.2474,12,266,0,14,20994,16
2016-08-24,29,29,0,24,22,27,25,303,9,0,240,0.5489,0.0163,0.4348,0.7647,0.0157,0.2197,1,552,0,14,21646,0
2016-08-25,29,29,0,23,19,26,25,506,3,0,154,0.7632,0.0045,0.2323,0.9101,0.0057,0.0842,1,663,0,14,22404,0
2016-08-26,29,29,0,21,19,26,26,181,0,0,127,0.5877,0,0.4123,0.7647,0,0.2353,1,308,0,14,22807,0
2016-08-27,29,29,0,20,8,26,26,19,1,0,18,0.5,0.0263,0.4737,0.7941,0.0196,0.1863,1,38,0,14,22849,0
2016-08-28,29,29,0,17,7,26,26,8,79,0,6,0.086,0.8495,0.0645,0.3622,0.5714,0.0663,2,93,0,14,22949,0
2016-08-29,29,29,0,23,15,26,25,115,0,0,169,0.4049,0,0.5951,0.6619,0.0024,0.3357,3,284,0,14,23334,0
2016-08-30,29,29,0,24,17,26,25,127,0,0,249,0.3378,0,0.6622,0.567,0,0.433,4,376,0,14,23810,0
2016-08-31,29,29,0,22,14,26,24,98,6,0,331,0.2253,0.0138,0.7609,0.4138,0.0126,0.5736,3,435,0,14,24350,0
2016-09-01,31,31,0,26,17,29,25,34,0,0,124,0.2152,0,0.7848,0.5343,0.002,0.4637,1,158,0,12,24637,0
2016-09-02,31,31,0,22,18,29,25,83,1,0,390,0.1751,0.0021,0.8228,0.3787,0.0033,0.618,14,474,0,12,25252,1
2016-09-03,31,31,0,19,5,29,25,7,2,0,0,0.7778,0.2222,0,0.7582,0.1758,0.0659,1,9,0,12,25262,0
2016-09-04,31,31,0,14,5,29,24,10,2,0,1,0.7692,0.1538,0.0769,0.8966,0.0862,0.0172,1,13,0,12,25277,0
2016-09-05,31,31,0,18,10,29,23,95,7,0,18,0.7917,0.0583,0.15,0.8216,0.0643,0.114,1,120,0,12,25464,0
2016-09-06,31,31,0,24,16,29,23,276,0,0,221,0.5553,0,0.4447,0.7624,0.0007,0.2369,3,497,0,12,26111,0
2016-09-07,31,31,0,24,15,29,23,199,8,0,180,0.5142,0.0207,0.4651,0.7182,0.0246,0.2572,5,387,0,12,26613,0
2016-09-08,31,31,0,22,17,27,22,45,5,0,120,0.2647,0.0294,0.7059,0.6003,0.0238,0.3759,0,170,0,12,26907,1
2016-09-09,31,31,0,23,17,27,22,135,11,0,224,0.3649,0.0297,0.6054,0.6056,0.027,0.3674,2,370,0,12,27357,0
2016-09-10,31,31,0,16,9,27,22,13,0,0,8,0.619,0,0.381,0.8633,0,0.1367,0,21,0,12,27378,0
2016-09-11,31,31,0,18,7,27,22,15,3,0,5,0.6522,0.1304,0.2174,0.75,0.1552,0.0948,0,23,0,12,27400,0
2016-09-12,31,31,0,23,16,27,22,81,8,0,84,0.4682,0.0462,0.4855,0.6939,0.036,0.27,0,173,0,12,27696,1
2016-09-13,31,25,6,23,16,26,24,346,55,0,479,0.3932,0.0625,0.5443,0.608,0.0666,0.3254,4,880,0,13,28677,0
2016-09-14,31,5,26,21,17,26,24,214,29,0,284,0.4061,0.055,0.5389,0.657,0.0468,0.2961,6,527,0,13,29293,0
2016-09-15,31,5,26,21,10,26,24,88,1,0,128,0.4055,0.0046,0.5899,0.6456,0.0103,0.3441,0,217,0,14,29654,0
2016-09-16,31,5,26,20,14,27,23,117,0,0,237,0.3305,0,0.6695,0.6805,0.0016,0.3179,1,354,0,14,30302,0
2016-09-17,31,5,26,17,6,27,23,33,1,0,87,0.2727,0.0083,0.719,0.5496,0.0283,0.4221,3,121,0,14,30435,0
2016-09-18,31,5,26,15,8,27,23,84,0,0,27,0.7568,0,0.2432,0.863,0,0.137,0,111,0,14,30546,0
2016-09-19,31,5,26,21,12,27,21,130,0,0,268,0.3266,0,0.6734,0.7029,0,0.2971,2,398,0,14,31154,0
2016-09-20,31,5,26,21,13,26,21,123,5,0,87,0.5721,0.0233,0.4047,0.8162,0.0131,0.1706,4,215,0,14,31460,0
2016-09-21,31,5,26,22,14,27,19,74,7,0,59,0.5286,0.05,0.4214,0.7894,0.0398,0.1708,3,140,0,14,31683,0
2016-09-22,31,5,26,18,12,25,18,154,15,0,102,0.5683,0.0554,0.3764,0.7902,0.0374,0.1723,1,271,0,14,32043,0
2016-09-23,31,5,26,23,16,25,19,63,26,0,169,0.2442,0.1008,0.655,0.6651,0.062,0.273,2,258,0,14,32444,0
2016-09-24,31,5,26,17,7,25,19,23,0,0,0,1,0,0,0.9817,0.0183,0,1,23,0,14,32474,0
2016-09-25,31,5,26,15,7,26,19,26,194,0,26,0.1057,0.7886,0.1057,0.2024,0.7086,0.089,9,246,0,14,32736,0
2016-09-26,31,5,26,22,15,26,20,20,0,0,282,0.0662,0,0.9338,0.4885,0.003,0.5085,1,302,0,14,33261,0
2016-09-27,31,5,26,25,15,27,20,160,259,0,181,0.2667,0.4317,0.3017,0.5107,0.3738,0.1155,7,600,0,15,34104,0
2016-09-28,31,5,26,23,15,26,20,158,39,0,231,0.3692,0.0911,0.5397,0.6131,0.0808,0.3061,4,428,0,15,34631,0
2016-09-29,31,5,26,22,18,26,23,179,3,0,126,0.5812,0.0097,0.4091,0.8152,0.0145,0.1703,1,308,0,15,35060,0
2016-09-30,31,5,26,27,16,28,24,75,0,0,171,0.3049,0,0.6951,0.714,0.0019,0.284,1,246,0,15,35438,0
2016-10-01,31,5,26,21,11,28,25,34,17,0,36,0.3908,0.1954,0.4138,0.7574,0.0782,0.1644,9,87,0,15,35581,0
2016-10-02,31,5,26,19,10,28,25,93,7,0,21,0.7686,0.0579,0.1736,0.8857,0.0269,0.0874,4,121,0,15,35735,0
2016-10-03,31,5,26,23,18,28,25,159,34,0,172,0.4356,0.0932,0.4712,0.6963,0.0809,0.2228,6,365,0,15,36267,0
2016-10-04,31,5,26,23,19,28,25,67,306,0,239,0.1095,0.5,0.3905,0.3313,0.4552,0.2135,0,612,0,15,36996,0
2016-10-05,31,5,26,24,14,28,24,64,4,0,64,0.4848,0.0303,0.4848,0.8197,0.018,0.1623,2,132,0,15,37254,0
2016-10-06,31,5,26,18,14,28,24,49,18,0,126,0.2539,0.0933,0.6528,0.6514,0.0457,0.3029,0,193,0,15,37583,0
2016-10-07,31,5,26,19,11,26,23,27,0,0,26,0.5094,0,0.4906,0.8361,0.0066,0.1574,2,53,0,15,37747,0
2016-10-08,31,5,26,19,13,26,23,25,9,0,28,0.4032,0.1452,0.4516,0.6438,0.1142,0.242,2,62,0,15,37816,0
2016-10-09,31,5,26,16,7,25,23,4,2,0,4,0.4,0.2,0.4,0.6962,0.1266,0.1772,1,10,0,15,37831,0
2016-10-10,31,5,26,19,10,25,23,22,3,0,64,0.2472,0.0337,0.7191,0.5914,0.0215,0.3871,1,89,0,15,37985,0
2016-10-11,31,5,26,23,13,26,21,125,2,0,283,0.3049,0.0049,0.6902,0.605,0.0114,0.3836,1,410,0,15,38540,0
2016-10-12,31,5,26,25,13,26,20,100,0,0,162,0.3817,0,0.6183,0.733,0.001,0.266,5,262,0,15,38928,0
2016-10-13,31,5,26,22,17,26,21,119,20,0,369,0.2343,0.0394,0.7264,0.5681,0.0348,0.3971,7,508,0,15,39568,0
2016-10-14,31,5,26,20,13,26,21,36,1,0,130,0.2156,0.006,0.7784,0.7766,0.0048,0.2186,5,167,0,15,39960,0
2016-10-15,31,5,26,13,4,26,21,11,1,0,22,0.3235,0.0294,0.6471,0.6557,0.0246,0.3197,1,34,0,15,40004,0
2016-10-16,31,5,26,17,11,26,21,33,0,0,46,0.4177,0,0.5823,0.6335,0.008,0.3586,3,79,0,15,40094,0
2016-10-17,31,5,26,22,13,26,22,83,0,0,113,0.4235,0,0.5765,0.7137,0.0014,0.2849,3,196,0,15,40427,0
2016-10-18,31,5,26,26,13,27,21,71,8,0,91,0.4176,0.0471,0.5353,0.7189,0.0275,0.2536,3,170,0,15,40691,0
2016-10-19,31,5,26,22,17,26,21,164,2,0,409,0.2852,0.0035,0.7113,0.5266,0.0065,0.4669,2,575,0,15,41365,0
2016-10-20,31,5,26,24,18,26,21,343,11,0,370,0.4738,0.0152,0.511,0.7044,0.0167,0.2789,7,724,0,15,42190,0
2016-10-21,31,5,26,21,17,26,21,43,0,0,120,0.2638,0,0.7362,0.6741,0.0016,0.3244,3,163,0,15,42475,0
2016-10-22,31,5,26,17,8,26,21,21,2,0,48,0.2958,0.0282,0.6761,0.5687,0.0379,0.3934,0,71,0,15,42550,0
2016-10-23,31,5,26,17,8,26,21,9,0,0,27,0.25,0,0.75,0.6811,0,0.3189,2,36,0,15,42618,0
2016-10-24,31,5,26,20,15,26,22,90,19,0,293,0.2239,0.0473,0.7289,0.4592,0.059,0.4818,3,402,0,15,43130,0
2016-10-25,31,5,26,21,16,25,21,211,8,0,65,0.743,0.0282,0.2289,0.9001,0.0197,0.0802,5,284,0,15,43512,0
2016-10-26,31,5,26,21,13,24,21,69,17,0,205,0.2371,0.0584,0.7045,0.5722,0.0411,0.3867,3,291,0,15,43898,0
2016-10-27,31,5,26,22,13,23,21,143,25,0,79,0.5789,0.1012,0.3198,0.7959,0.0702,0.1339,3,247,0,15,44254,0
2016-10-28,31,5,26,21,14,22,20,21,78,0,66,0.1273,0.4727,0.4,0.7264,0.1495,0.1241,2,165,0,15,44594,0
2016-10-29,31,5,26,20,5,24,20,7,0,0,2,0.7778,0,0.2222,0.9625,0,0.0375,0,9,0,15,44606,0
2016-10-30,31,5,26,18,6,24,20,27,0,0,22,0.551,0,0.449,0.8053,0,0.1947,1,49,0,15,44657,0
2016-10-31,31,5,26,23,16,25,20,72,7,0,202,0.2562,0.0249,0.7189,0.5831,0.0217,0.3952,8,281,0,15,45035,0
2016-11-01,31,5,26,22,15,25,22,91,13,0,140,0.373,0.0533,0.5738,0.7237,0.034,0.2423,15,244,0,15,45412,0
2016-11-02,31,5,26,22,14,25,21,106,0,0,147,0.419,0,0.581,0.7498,0,0.2502,1,253,0,15,45759,0
2016-11-03,31,5,26,23,14,25,20,118,4,0,155,0.426,0.0144,0.5596,0.7166,0.0119,0.2716,6,277,0,15,46145,0
2016-11-04,31,5,26,23,14,25,20,67,2,0,141,0.319,0.0095,0.6714,0.7465,0.0111,0.2424,6,210,0,15,46512,0
2016-11-05,31,5,26,15,8,25,20,7,14,0,18,0.1795,0.359,0.4615,0.7236,0.1005,0.1759,1,39,0,15,46603,0
2016-11-06,31,5,26,15,9,24,19,72,6,0,14,0.7826,0.0652,0.1522,0.8937,0.0354,0.0709,2,92,0,15,46731,0
2016-11-07,31,5,26,23,15,24,19,67,5,0,47,0.563,0.042,0.395,0.8097,0.0274,0.1629,7,119,0,15,46965,0
2016-11-08,31,5,26,23,14,24,19,331,2,0,152,0.6825,0.0041,0.3134,0.8385,0.007,0.1545,14,485,0,15,47569,0
2016-11-09,31,5,26,23,17,26,19,215,22,0,102,0.6342,0.0649,0.3009,0.8227,0.0564,0.1209,4,339,0,15,48018,0
2016-11-10,31,31,0,23,16,26,19,142,38,0,220,0.355,0.095,0.55,0.6287,0.0938,0.2775,3,400,0,16,48617,0
2016-11-11,31,31,0,17,13,26,19,122,5,0,38,0.7394,0.0303,0.2303,0.8825,0.023,0.0945,8,165,0,16,48843,0
2016-11-12,31,31,0,14,9,26,19,12,1,0,7,0.6,0.05,0.35,0.8684,0.0263,0.1053,0,20,0,16,48863,0
2016-11-13,31,31,0,14,5,27,19,15,0,0,32,0.3191,0,0.6809,0.6174,0.0067,0.3758,8,47,0,16,48918,0
2016-11-14,31,31,0,18,15,26,18,68,4,0,121,0.3523,0.0207,0.6269,0.687,0.0246,0.2884,7,193,0,16,49144,0
2016-11-15,31,31,0,17,16,26,18,79,9,0,52,0.5643,0.0643,0.3714,0.7828,0.049,0.1681,5,140,0,16,49299,0
2016-11-16,32,32,0,21,15,25,19,70,38,0,200,0.2273,0.1234,0.6494,0.5429,0.0848,0.3723,4,308,0,16,49626,0
2016-11-17,32,32,0,19,13,23,18,230,0,0,296,0.4373,0,0.5627,0.6512,0.0012,0.3476,7,526,0,16,50181,0
2016-11-18,32,32,0,20,12,23,18,155,0,0,185,0.4559,0,0.5441,0.7333,0,0.2667,8,340,0,16,50550,0
2016-11-19,32,32,0,15,9,23,19,14,20,0,179,0.0657,0.0939,0.8404,0.2505,0.0849,0.6646,2,213,0,16,50766,0
2016-11-20,32,32,0,15,9,23,20,14,6,0,4,0.5833,0.25,0.1667,0.8174,0.1217,0.0609,12,24,0,16,50800,0
2016-11-21,32,32,0,21,15,24,20,121,26,0,78,0.5378,0.1156,0.3467,0.7225,0.0852,0.1924,3,225,0,16,51073,0
2016-11-22,33,33,0,19,17,25,21,41,21,0,173,0.1745,0.0894,0.7362,0.5238,0.1032,0.373,6,235,0,16,51350,0
2016-11-23,33,33,0,22,15,23,20,122,9,0,100,0.5281,0.039,0.4329,0.7648,0.0378,0.1974,7,231,0,16,51611,0
2016-11-24,33,33,0,18,15,23,20,158,64,0,73,0.5356,0.2169,0.2475,0.7918,0.0814,0.1268,5,295,0,16,51938,0
2016-11-25,33,33,0,19,16,23,20,122,3,0,81,0.5922,0.0146,0.3932,0.8365,0.0071,0.1563,11,206,0,16,52216,0
2016-11-26,33,33,0,18,8,23,20,10,0,0,7,0.5882,0,0.4118,0.8986,0.0072,0.0942,1,17,0,16,52242,0
2016-11-27,33,33,0,19,8,23,20,14,9,0,2,0.56,0.36,0.08,0.7245,0.2551,0.0204,2,25,0,16,52269,0
2016-11-28,33,33,0,24,17,24,20,151,41,0,244,0.3463,0.094,0.5596,0.6158,0.0611,0.3232,5,436,0,16,52775,0
2016-11-29,33,33,0,21,14,24,19,148,29,0,135,0.4744,0.0929,0.4327,0.737,0.0653,0.1977,8,312,0,16,53136,0
2016-11-30,33,33,0,22,17,25,20,122,3,0,304,0.2844,0.007,0.7086,0.5812,0.0081,0.4107,5,429,0,16,53595,0
2016-12-01,33,33,0,22,16,26,20,200,3,0,178,0.5249,0.0079,0.4672,0.7878,0.0038,0.2084,4,381,0,16,53999,0
2016-12-02,33,33,0,21,15,26,20,72,0,0,85,0.4586,0,0.5414,0.821,0.0069,0.1721,4,157,0,16,54243,0
2016-12-03,33,33,0,17,8,26,20,10,3,0,13,0.3846,0.1154,0.5,0.6818,0.0455,0.2727,0,26,0,16,54269,0
2016-12-04,33,33,0,17,11,26,20,8,10,0,131,0.0537,0.0671,0.8792,0.2894,0.0836,0.627,3,149,0,16,54423,0
2016-12-05,33,33,0,21,14,26,19,121,0,0,382,0.2406,0,0.7594,0.5652,0.0017,0.433,8,503,0,16,55020,0
2016-12-06,33,33,0,22,17,26,20,155,5,0,200,0.4306,0.0139,0.5556,0.7063,0.0072,0.2865,5,360,0,16,55406,0
2016-12-07,33,33,0,22,16,26,19,140,14,0,174,0.4268,0.0427,0.5305,0.6884,0.017,0.2945,8,328,0,16,55770,0
2016-12-08,33,33,0,21,15,25,19,165,2,0,149,0.5222,0.0063,0.4715,0.7315,0.0037,0.2648,5,316,0,16,56102,0
2016-12-09,33,33,0,22,17,25,19,179,22,0,71,0.6581,0.0809,0.261,0.8644,0.0367,0.0989,13,272,0,16,56434,0
2016-12-10,33,33,0,18,9,25,19,21,12,0,15,0.4375,0.25,0.3125,0.7214,0.1393,0.1393,1,48,0,16,56485,0
2016-12-11,33,33,0,15,3,25,19,3,3,0,1,0.4286,0.4286,0.1429,0.8727,0.0727,0.0545,0,7,0,16,56492,0
2016-12-12,33,33,0,23,19,27,22,95,39,0,195,0.2888,0.1185,0.5927,0.6045,0.0659,0.3296,2,329,0,16,56851,0
2016-12-13,33,33,0,23,15,27,23,107,7,0,118,0.4612,0.0302,0.5086,0.7198,0.0173,0.2629,6,232,0,16,57093,0
2016-12-14,33,33,0,21,17,27,23,168,18,0,51,0.7089,0.0759,0.2152,0.8512,0.0364,0.1125,4,237,0,17,57355,0
2016-12-15,33,33,0,22,16,27,22,104,226,0,93,0.2459,0.5343,0.2199,0.5824,0.2704,0.1471,8,423,0,17,57817,0
2016-12-16,33,33,0,22,16,27,22,177,14,0,123,0.5637,0.0446,0.3917,0.7771,0.0166,0.2063,8,314,0,17,58161,0
2016-12-17,33,33,0,17,9,26,21,123,300,0,137,0.2196,0.5357,0.2446,0.4304,0.3898,0.1798,9,560,0,17,58734,0
2016-12-18,33,33,0,19,10,27,21,101,32,0,47,0.5611,0.1778,0.2611,0.7631,0.0832,0.1537,9,180,0,17,58919,0
2016-12-19,34,33,1,25,17,27,21,108,226,0,236,0.1895,0.3965,0.414,0.4294,0.2703,0.3004,8,570,0,17,59545,0
2016-12-20,34,33,1,22,16,26,21,82,45,0,503,0.1302,0.0714,0.7984,0.273,0.0422,0.6848,4,630,0,17,60207,0
2016-12-21,34,33,1,24,15,26,21,409,265,0,158,0.4916,0.3185,0.1899,0.675,0.1794,0.1456,14,832,0,17,61101,0
2016-12-22,34,33,1,19,11,26,22,36,1032,0,80,0.0314,0.899,0.0697,0.0886,0.8472,0.0642,7,1148,0,17,62248,0
2016-12-23,34,33,1,22,11,26,22,98,139,0,0,0.4135,0.5865,0,0.6203,0.3767,0.003,13,237,0,17,62503,0
2016-12-24,34,33,1,16,8,27,22,19,34,0,0,0.3585,0.6415,0,0.6984,0.2804,0.0212,11,53,0,17,62567,0
2016-12-25,34,33,1,17,5,27,21,14,7,0,0,0.6667,0.3333,0,0.8471,0.1529,0,4,21,0,17,62594,0
2016-12-26,34,33,1,19,6,26,19,8,19,0,2,0.2759,0.6552,0.069,0.7222,0.254,0.0238,3,29,0,17,62638,0
2016-12-27,34,33,1,16,4,26,18,19,1,0,0,0.95,0.05,0,0.8861,0.0886,0.0253,3,20,0,17,62663,0
2016-12-28,34,33,1,21,12,25,17,6,32,0,97,0.0444,0.237,0.7185,0.25,0.1921,0.5579,1,135,0,17,62810,0
2016-12-29,34,33,1,20,10,26,16,101,190,0,40,0.3051,0.574,0.1208,0.5175,0.3904,0.0921,16,331,0,17,63159,0
2016-12-30,34,33,1,19,8,25,16,5,23,0,30,0.0862,0.3966,0.5172,0.3462,0.3077,0.3462,0,58,0,17,63218,0
2016-12-31,34,33,1,19,13,25,16,19,25,0,61,0.181,0.2381,0.581,0.4021,0.2242,0.3737,2,105,0,17,63330,0
2017-01-01,34,33,1,20,8,24,16,53,39,0,14,0.5,0.3679,0.1321,0.7258,0.1906,0.0836,6,106,0,17,63441,0
2017-01-02,34,33,1,27,18,28,22,73,35,0,70,0.4101,0.1966,0.3933,0.7216,0.1123,0.1661,3,178,0,17,63648,24
2017-01-03,35,34,1,28,22,29,25,124,137,0,134,0.3139,0.3468,0.3392,0.644,0.1776,0.1783,4,395,0,17,64100,45
2017-01-04,35,34,1,29,22,30,24,207,626,0,321,0.1794,0.5425,0.2782,0.3811,0.4411,0.1778,12,1154,0,17,65314,25
2017-01-05,36,34,2,29,20,32,26,146,359,0,301,0.1811,0.4454,0.3734,0.3854,0.3618,0.2528,7,806,0,17,66156,22
2017-01-06,37,35,2,27,18,33,27,32,123,0,33,0.1702,0.6543,0.1755,0.5118,0.3908,0.0974,4,188,0,17,66374,15
2017-01-07,38,35,3,23,11,34,27,40,684,0,17,0.054,0.9231,0.0229,0.0981,0.8901,0.0119,11,741,0,17,67143,13
2017-01-08,38,35,3,22,13,34,27,27,403,0,11,0.0612,0.9138,0.0249,0.1419,0.837,0.0211,4,441,0,17,67592,2
2017-01-09,38,35,3,28,19,35,29,100,200,0,210,0.1961,0.3922,0.4118,0.4249,0.3231,0.252,6,510,0,17,68131,18
2017-01-10,38,35,3,26,17,35,28,164,708,0,168,0.1577,0.6808,0.1615,0.4181,0.4857,0.0962,8,1040,0,17,69234,0
2017-01-11,38,35,3,27,18,33,28,73,182,0,188,0.1648,0.4108,0.4244,0.4372,0.2904,0.2724,7,443,0,17,69705,0
2017-01-12,38,35,3,28,21,32,28,77,479,0,127,0.1127,0.7013,0.1859,0.3711,0.4992,0.1297,8,683,0,17,70440,0
2017-01-13,38,35,3,23,17,32,26,65,50,0,36,0.4305,0.3311,0.2384,0.7105,0.1934,0.0961,7,151,0,17,70634,0
2017-01-14,38,35,3,19,13,32,26,105,64,0,43,0.4953,0.3019,0.2028,0.7287,0.1873,0.084,7,212,0,17,70867,3
2017-01-15,38,35,3,22,13,32,26,65,31,0,17,0.5752,0.2743,0.1504,0.7816,0.1483,0.0701,8,113,0,17,70993,0
2017-01-16,38,35,3,24,17,31,26,126,35,0,255,0.3029,0.0841,0.613,0.5868,0.0597,0.3535,4,416,0,17,71442,0
2017-01-17,38,35,3,24,13,32,25,65,517,0,465,0.0621,0.4938,0.4441,0.2092,0.4224,0.3684,8,1047,0,17,72509,0
2017-01-18,38,35,3,24,18,32,25,197,85,0,372,0.3012,0.13,0.5688,0.5504,0.122,0.3276,5,654,0,17,73176,0
2017-01-19,38,35,3,27,23,31,27,163,71,0,225,0.3551,0.1547,0.4902,0.5864,0.1468,0.2668,12,459,0,17,73665,0
2017-01-20,38,35,3,26,18,30,27,52,10,0,83,0.3586,0.069,0.5724,0.6237,0.1017,0.2746,6,145,0,17,73823,0
2017-01-21,38,35,3,22,12,30,26,36,19,0,75,0.2769,0.1462,0.5769,0.5662,0.1103,0.3235,1,130,0,17,73956,0
2017-01-22,38,35,3,22,10,30,26,42,328,0,2,0.1129,0.8817,0.0054,0.298,0.6905,0.0115,15,372,0,17,74349,0
2017-01-23,38,35,3,25,16,30,24,175,122,0,124,0.4157,0.2898,0.2945,0.7233,0.1227,0.154,26,421,0,17,74818,0
2017-01-24,38,35,3,30,21,33,25,189,103,0,314,0.3119,0.17,0.5182,0.5739,0.1349,0.2911,20,606,0,17,75475,0
2017-01-25,38,35,3,27,20,33,25,82,113,0,119,0.2611,0.3599,0.379,0.5766,0.2107,0.2126,5,314,0,17,75816,0
2017-01-26,39,35,4,28,22,33,25,91,427,0,183,0.1298,0.6091,0.2611,0.2905,0.5288,0.1806,5,701,0,17,76540,0
2017-01-27,39,35,4,27,19,33,25,88,3,0,123,0.4112,0.014,0.5748,0.7051,0.0523,0.2426,5,214,0,17,76797,0
2017-01-28,39,35,4,21,7,33,25,4,7,0,57,0.0588,0.1029,0.8382,0.5021,0.1288,0.3691,0,68,0,17,76888,0
2017-01-29,39,35,4,21,15,33,26,208,23,0,61,0.7123,0.0788,0.2089,0.8387,0.0711,0.0902,4,292,0,17,77184,0
2017-01-30,39,35,4,28,22,35,28,68,12,0,264,0.1977,0.0349,0.7674,0.5318,0.0547,0.4135,7,344,0,17,77609,0
2017-01-31,39,35,4,24,14,33,28,152,8,0,253,0.368,0.0194,0.6126,0.6499,0.0387,0.3114,13,413,0,17,78052,0
2017-02-01,39,35,4,28,15,33,28,177,15,0,464,0.2698,0.0229,0.7073,0.5683,0.0242,0.4075,7,656,0,17,78748,28
2017-02-02,39,35,4,28,21,32,26,89,24,0,154,0.3333,0.0899,0.5768,0.6767,0.0681,0.2552,3,267,0,17,79078,53
2017-02-03,39,35,4,26,15,32,26,31,9,0,110,0.2067,0.06,0.7333,0.6739,0.039,0.2872,2,150,0,17,79284,43
2017-02-04,39,35,4,20,9,32,26,14,5,0,15,0.4118,0.1471,0.4412,0.6541,0.1429,0.203,4,34,0,17,79325,2
2017-02-05,40,36,4,22,10,34,26,103,2,0,12,0.8803,0.0171,0.1026,0.9093,0.031,0.0597,6,117,0,17,79453,0
2017-02-06,40,36,4,26,17,34,23,130,1,0,96,0.5727,0.0044,0.4229,0.7911,0.0168,0.1922,11,227,0,17,79717,18
2017-02-07,40,36,4,25,16,34,24,77,0,0,445,0.1475,0,0.8525,0.3685,0.003,0.6285,6,522,0,17,80260,6
2017-02-08,40,36,4,26,16,34,25,98,0,0,61,0.6164,0,0.3836,0.8374,0.0027,0.1599,8,159,0,17,80455,19
2017-02-09,40,36,4,27,18,33,24,114,26,0,374,0.2218,0.0506,0.7276,0.4897,0.0679,0.4423,4,514,0,18,81051,62
2017-02-10,40,36,4,24,18,33,23,518,8,0,225,0.6897,0.0107,0.2996,0.7999,0.0222,0.1779,11,751,0,18,81848,9
2017-02-11,40,36,4,19,12,33,24,29,15,0,547,0.0491,0.0254,0.9255,0.1511,0.0368,0.8121,4,591,0,18,82452,4
2017-02-12,40,36,4,19,12,32,22,65,51,0,493,0.1067,0.0837,0.8095,0.2288,0.1122,0.6589,6,609,0,18,83124,1
2017-02-13,40,36,4,27,19,33,26,58,30,0,248,0.1726,0.0893,0.7381,0.3788,0.1283,0.4929,5,336,0,18,83481,1
2017-02-14,40,36,4,24,16,33,26,52,12,0,513,0.0901,0.0208,0.8891,0.3051,0.036,0.6589,7,577,0,18,84083,9
2017-02-15,40,36,4,24,17,31,27,93,15,0,734,0.1105,0.0178,0.8717,0.2961,0.0329,0.671,6,842,0,18,84939,4
2017-02-16,40,36,4,27,19,30,26,64,18,0,128,0.3048,0.0857,0.6095,0.6018,0.112,0.2862,8,210,0,18,85171,0
2017-02-17,40,36,4,21,14,30,25,52,1,0,67,0.4333,0.0083,0.5583,0.802,0.0215,0.1765,11,120,0,18,85378,0
2017-02-18,40,36,4,17,4,29,25,7,0,0,27,0.2059,0,0.7941,0.7547,0.0047,0.2406,0,34,0,18,85512,0
2017-02-19,40,36,4,19,7,29,25,9,1,0,3,0.6923,0.0769,0.2308,0.869,0.0238,0.1071,1,13,0,18,85526,0
2017-02-20,40,36,4,22,13,28,22,26,7,0,58,0.2857,0.0769,0.6374,0.594,0.0451,0.3609,2,91,0,18,85630,0
2017-02-21,40,36,4,27,19,30,23,104,12,0,672,0.132,0.0152,0.8528,0.3426,0.0265,0.6309,6,788,0,18,86530,0
2017-02-22,40,36,4,27,14,30,23,83,9,0,250,0.2427,0.0263,0.731,0.5753,0.0557,0.369,2,342,0,18,86905,0
2017-02-23,40,36,4,22,12,29,22,64,9,0,279,0.1818,0.0256,0.7926,0.4665,0.0318,0.5017,2,352,0,18,87286,0
2017-02-24,40,36,4,23,13,29,23,34,40,0,51,0.272,0.32,0.408,0.5217,0.338,0.1403,0,125,0,18,87435,0
2017-02-25,40,36,4,25,13,30,23,26,8,0,7,0.6341,0.1951,0.1707,0.8053,0.1053,0.0895,2,41,0,18,87478,0
2017-02-26,40,36,4,21,10,30,23,137,5,0,6,0.9257,0.0338,0.0405,0.9461,0.0347,0.0193,10,148,0,18,87654,0
2017-02-27,40,36,4,24,14,30,22,68,39,0,436,0.1252,0.0718,0.8029,0.3919,0.0647,0.5435,12,543,0,18,88265,0
2017-02-28,40,36,4,24,16,28,22,186,88,0,224,0.3735,0.1767,0.4498,0.5686,0.1891,0.2423,8,498,0,18,88778,0
2017-03-01,40,36,4,27,19,30,24,69,101,0,1032,0.0574,0.084,0.8586,0.1617,0.1535,0.6847,2,1202,0,18,89992,0
2017-03-02,40,36,4,27,14,30,24,84,20,0,317,0.1995,0.0475,0.753,0.441,0.0729,0.4861,4,421,0,18,90436,0
2017-03-03,40,36,4,23,14,30,24,88,19,0,108,0.4093,0.0884,0.5023,0.6916,0.0967,0.2117,5,215,0,18,90673,0
2017-03-04,40,36,4,18,9,29,23,22,1,0,7,0.7333,0.0333,0.2333,0.9106,0.0335,0.0559,2,30,0,18,90710,0
2017-03-05,40,36,4,20,7,29,23,24,0,0,6,0.8,0,0.2,0.8767,0.0205,0.1027,3,30,0,18,90743,0
2017-03-06,40,36,4,25,14,29,23,80,119,0,726,0.0865,0.1286,0.7849,0.2317,0.0923,0.676,7,925,0,18,91715,0
2017-03-07,40,36,4,23,16,29,22,90,14,0,142,0.3659,0.0569,0.5772,0.6657,0.0721,0.2622,3,246,0,18,92009,0
2017-03-08,40,36,4,25,16,27,19,127,2,0,107,0.5381,0.0085,0.4534,0.7626,0.0103,0.2271,3,236,0,18,92257,0
2017-03-09,40,36,4,25,16,28,21,105,51,0,508,0.1581,0.0768,0.7651,0.3878,0.1066,0.5057,4,664,0,18,92943,0
2017-03-10,40,36,4,24,18,28,20,120,4,0,134,0.4651,0.0155,0.5194,0.7559,0.0225,0.2217,1,258,0,18,93211,0
2017-03-11,40,36,4,22,12,29,22,48,11,0,227,0.1678,0.0385,0.7937,0.4178,0.0297,0.5524,4,286,0,18,93506,0
2017-03-12,40,36,4,21,11,29,22,73,32,0,349,0.1608,0.0705,0.7687,0.3576,0.0697,0.5727,3,454,0,18,93963,0
2017-03-13,40,36,4,27,18,30,22,148,638,0,261,0.1414,0.6094,0.2493,0.4004,0.4162,0.1834,5,1047,0,18,95031,0
2017-03-14,40,36,4,29,18,32,24,151,19,0,106,0.5471,0.0688,0.3841,0.769,0.0408,0.1902,5,276,0,18,95336,0
2017-03-15,40,36,4,24,16,32,23,82,8,0,282,0.2204,0.0215,0.7581,0.5049,0.0118,0.4832,1,372,0,18,95722,0
2017-03-16,40,36,4,27,17,32,23,128,6,0,491,0.2048,0.0096,0.7856,0.4554,0.006,0.5386,4,625,0,18,96377,0
2017-03-17,40,36,4,26,15,33,23,30,0,0,235,0.1132,0,0.8868,0.5685,0.002,0.4295,9,265,0,18,96716,0
2017-03-18,40,36,4,20,10,33,23,51,2,0,120,0.2948,0.0116,0.6936,0.4874,0.0229,0.4897,5,173,0,18,96894,0
2017-03-19,40,36,4,17,5,33,23,8,0,0,885,0.009,0,0.991,0.0333,0,0.9667,4,893,0,18,97793,0
2017-03-20,40,36,4,24,14,32,22,31,0,0,432,0.067,0,0.933,0.2475,0.0025,0.75,3,463,0,18,98278,0
2017-03-21,40,36,4,25,14,30,20,159,0,0,398,0.2855,0,0.7145,0.512,0.0006,0.4874,7,557,0,19,98873,0
2017-03-22,40,36,4,26,15,31,21,42,1,0,272,0.1333,0.0032,0.8635,0.3679,0.0012,0.6309,15,315,0,19,99222,0
2017-03-23,40,36,4,24,15,30,22,76,15,0,161,0.3016,0.0595,0.6389,0.6162,0.0254,0.3584,1,252,0,19,99494,0
2017-03-24,40,36,4,27,17,30,23,64,98,0,73,0.2723,0.417,0.3106,0.5982,0.2303,0.1715,10,235,0,19,99764,0
2017-03-25,40,36,4,21,9,32,22,35,1,0,272,0.1136,0.0032,0.8831,0.3053,0.0114,0.6833,0,308,0,19,100097,0
2017-03-26,40,36,4,17,9,32,23,6,2,0,167,0.0343,0.0114,0.9543,0.1703,0.0062,0.8235,2,175,0,19,100274,0
2017-03-27,40,36,4,24,16,32,24,249,6,0,483,0.3374,0.0081,0.6545,0.5736,0.0106,0.4158,7,738,0,19,101039,0
2017-03-28,40,36,4,24,16,32,24,110,17,0,402,0.2079,0.0321,0.7599,0.494,0.0441,0.4619,6,529,0,19,101642,0
2017-03-29,40,36,4,26,15,31,23,104,15,0,320,0.2369,0.0342,0.7289,0.4814,0.0645,0.4541,7,439,0,19,102101,0
2017-03-30,40,36,4,26,16,31,22,183,9,0,580,0.237,0.0117,0.7513,0.5165,0.0093,0.4742,6,772,0,19,102895,0
2017-03-31,40,36,4,23,14,30,21,39,4,0,233,0.1413,0.0145,0.8442,0.4046,0.0204,0.5749,4,276,0,19,103198,0
2017-04-01,40,36,4,20,13,28,21,18,11,0,289,0.0566,0.0346,0.9088,0.1965,0.0333,0.7702,0,318,0,19,103515,0
2017-04-02,40,36,4,20,10,29,20,5,0,0,440,0.0112,0,0.9888,0.0652,0.0054,0.9293,4,445,0,19,103962,0
2017-04-03,40,36,4,26,14,29,20,213,5,0,273,0.4338,0.0102,0.556,0.6536,0.0227,0.3237,8,491,0,19,104469,0
2017-04-04,40,36,4,24,18,29,23,99,0,0,329,0.2313,0,0.7687,0.4689,0,0.5311,3,428,0,19,104913,0
2017-04-05,40,36,4,23,16,29,23,195,0,0,543,0.2642,0,0.7358,0.5277,0,0.4723,7,738,0,19,105667,0
2017-04-06,40,36,4,27,14,30,22,222,22,0,676,0.2413,0.0239,0.7348,0.4951,0.0455,0.4594,9,920,0,19,106605,0
2017-04-07,40,36,4,22,15,30,23,38,21,0,184,0.1564,0.0864,0.7572,0.3871,0.1313,0.4815,5,243,0,19,106870,0
2017-04-08,40,36,4,16,7,30,22,8,0,0,103,0.0721,0,0.9279,0.251,0.0039,0.7452,0,111,0,19,106983,0
2017-04-09,40,36,4,17,6,30,22,7,0,0,204,0.0332,0,0.9668,0.1152,0,0.8848,0,211,0,19,107194,0
2017-04-10,40,36,4,24,14,29,22,23,2,0,403,0.0537,0.0047,0.9416,0.3451,0.015,0.6399,0,428,0,19,107721,0
2017-04-11,40,36,4,24,13,30,20,131,0,0,391,0.251,0,0.749,0.5138,0,0.4862,0,522,0,19,108261,0
2017-04-12,40,36,4,27,17,31,21,133,9,0,310,0.2942,0.0199,0.6858,0.5652,0.0259,0.4088,1,452,0,19,108735,0
2017-04-13,40,36,4,21,16,29,21,128,66,0,684,0.1458,0.0752,0.779,0.3524,0.0586,0.5891,5,878,0,19,109640,0
2017-04-14,40,36,4,19,7,29,20,65,0,0,512,0.1127,0,0.8873,0.2545,0,0.7455,8,577,0,19,110240,0
2017-04-15,40,36,4,18,9,30,20,120,0,0,700,0.1463,0,0.8537,0.3122,0,0.6878,1,820,0,19,111061,0
2017-04-16,40,36,4,16,8,29,21,31,0,0,419,0.0689,0,0.9311,0.2164,0,0.7836,8,450,0,19,111527,0
2017-04-17,41,36,5,21,13,30,21,100,1,0,359,0.2174,0.0022,0.7804,0.5062,0.0015,0.4923,10,460,0,20,112036,0
2017-04-18,41,36,5,25,21,31,23,159,3,0,456,0.2573,0.0049,0.7379,0.5753,0.0096,0.4151,7,618,0,20,112755,0
2017-04-19,41,36,5,25,19,30,25,161,8,0,475,0.25,0.0124,0.7376,0.5219,0.012,0.4661,11,644,0,20,113440,0
2017-04-20,41,36,5,26,18,31,25,234,4,0,318,0.4209,0.0072,0.5719,0.6097,0.0122,0.3781,12,556,0,20,114021,0
2017-04-21,41,36,5,25,20,31,25,168,18,0,123,0.5437,0.0583,0.3981,0.7609,0.0579,0.1813,9,309,0,20,114370,0
2017-04-22,41,36,5,18,7,31,25,11,16,0,12,0.2821,0.4103,0.3077,0.4608,0.2941,0.2451,0,39,0,20,114410,0
2017-04-23,41,36,5,14,4,31,25,9,2,0,66,0.1169,0.026,0.8571,0.2994,0.0599,0.6407,10,77,0,20,114497,0
2017-04-24,41,36,5,24,15,31,25,96,15,0,785,0.1071,0.0167,0.8761,0.3183,0.0283,0.6534,12,896,0,20,115437,0
2017-04-25,46,36,10,33,15,37,23,164,52,0,352,0.2887,0.0915,0.6197,0.4811,0.1039,0.415,6,568,0,20,116041,0
2017-04-26,46,36,10,26,13,35,23,77,0,0,236,0.246,0,0.754,0.565,0.004,0.431,9,313,0,20,116398,0
2017-04-27,46,36,10,27,17,34,25,87,52,0,171,0.2806,0.1677,0.5516,0.4051,0.2528,0.3422,4,310,0,20,116732,0
2017-04-28,46,36,10,30,18,35,24,93,8,0,79,0.5167,0.0444,0.4389,0.7825,0.0679,0.1496,4,180,0,20,116985,0
2017-04-29,46,36,10,23,11,36,23,38,0,0,102,0.2714,0,0.7286,0.4282,0.0028,0.569,0,140,0,20,117129,0
2017-04-30,46,36,10,21,13,36,24,15,21,0,18,0.2778,0.3889,0.3333,0.5611,0.276,0.1629,1,54,0,20,117184,0
2017-05-01,46,36,10,28,17,37,25,342,6,0,127,0.72,0.0126,0.2674,0.8714,0.0129,0.1158,11,475,0,20,117692,0
2017-05-02,46,36,10,25,18,36,24,384,0,0,353,0.521,0,0.479,0.7256,0.0009,0.2735,3,737,0,20,118435,0
2017-05-03,46,36,10,24,15,36,26,169,14,0,685,0.1947,0.0161,0.7892,0.425,0.0128,0.5621,3,868,0,21,119332,19
2017-05-04,46,36,10,26,23,34,28,239,33,0,548,0.2915,0.0402,0.6683,0.5321,0.0315,0.4365,11,820,0,21,120224,56
2017-05-05,46,36,10,28,17,34,25,37,10,0,47,0.3936,0.1064,0.5,0.7386,0.0584,0.203,0,94,0,21,120329,11
2017-05-06,46,36,10,22,9,33,26,15,3,0,51,0.2174,0.0435,0.7391,0.3708,0.1124,0.5169,2,69,0,21,120421,19
2017-05-07,46,36,10,17,6,33,26,8,0,0,89,0.0825,0,0.9175,0.2321,0.0045,0.7634,0,97,0,21,120519,0
2017-05-08,46,36,10,28,15,33,27,79,6,0,130,0.3674,0.0279,0.6047,0.6692,0.0363,0.2945,4,215,0,21,120754,0
2017-05-09,46,36,10,26,16,32,27,66,9,0,166,0.2739,0.0373,0.6888,0.6782,0.031,0.2908,1,241,0,21,121056,0
2017-05-10,46,36,10,28,19,32,28,60,51,0,260,0.1617,0.1375,0.7008,0.4352,0.1463,0.4185,8,371,0,21,121463,0
2017-05-11,46,36,10,24,14,32,25,83,11,0,172,0.312,0.0414,0.6466,0.5831,0.0313,0.3855,2,266,0,21,121729,0
2017-05-12,46,36,10,25,17,31,23,88,1,0,146,0.3745,0.0043,0.6213,0.705,0.0105,0.2846,5,235,0,21,121973,0
2017-05-13,46,36,10,19,10,31,23,24,0,0,67,0.2637,0,0.7363,0.5343,0,0.4657,2,91,0,21,122067,0
2017-05-14,46,36,10,20,9,31,24,28,1,0,13,0.6667,0.0238,0.3095,0.8462,0.0275,0.1264,1,42,0,21,122107,0
2017-05-15,46,36,10,27,16,30,23,112,9,0,655,0.1443,0.0116,0.8441,0.3575,0.0196,0.623,11,776,0,21,122901,0
2017-05-16,46,36,10,29,18,31,25,79,40,0,214,0.2372,0.1201,0.6426,0.4671,0.1507,0.3822,27,333,0,21,123270,0
2017-05-17,46,36,10,28,17,30,25,204,15,0,224,0.4605,0.0339,0.5056,0.6534,0.0391,0.3075,4,443,0,21,123721,0
2017-05-18,46,36,10,28,18,30,26,90,13,0,212,0.2857,0.0413,0.673,0.5461,0.0716,0.3823,8,315,0,21,124067,0
2017-05-19,46,36,10,28,17,31,26,92,7,0,283,0.2408,0.0183,0.7408,0.5628,0.0239,0.4133,16,382,0,21,124480,0
2017-05-20,46,36,10,22,12,31,25,5,14,0,192,0.0237,0.0664,0.91,0.1393,0.0982,0.7626,0,211,0,21,124693,0
2017-05-21,46,36,10,21,11,31,25,63,3,0,132,0.3182,0.0152,0.6667,0.5281,0.0341,0.4378,8,198,0,21,124907,0
2017-05-22,46,36,10,27,14,33,26,69,21,0,188,0.2482,0.0755,0.6763,0.4697,0.1108,0.4195,8,278,0,21,125211,0
2017-05-23,46,36,10,30,21,33,27,176,34,0,656,0.2032,0.0393,0.7575,0.366,0.059,0.575,9,866,0,15,126205,0
2017-05-24,46,36,10,27,21,33,28,377,11,0,404,0.476,0.0139,0.5101,0.7044,0.0168,0.2788,19,792,0,16,127039,2
2017-05-25,46,36,10,28,16,33,28,129,8,0,145,0.4574,0.0284,0.5142,0.6727,0.0428,0.2845,2,282,0,16,127332,0
2017-05-26,46,36,10,24,17,32,28,165,7,0,93,0.6226,0.0264,0.3509,0.8089,0.0283,0.1628,22,265,0,16,127633,0
2017-05-27,46,36,10,21,8,32,28,18,0,0,31,0.3673,0,0.6327,0.6974,0.0132,0.2895,2,49,0,16,127686,0
2017-05-28,46,36,10,20,8,32,28,19,0,0,23,0.4524,0,0.5476,0.7356,0.0057,0.2586,6,42,0,16,127734,0
2017-05-29,46,36,10,22,13,32,27,31,0,0,63,0.3298,0,0.6702,0.6425,0,0.3575,0,94,0,16,127854,0
2017-05-30,46,36,10,21,16,29,25,196,1,0,375,0.3427,0.0017,0.6556,0.5999,0.0012,0.399,9,572,0,16,128449,1
2017-05-31,46,36,10,25,12,29,24,131,7,0,122,0.5038,0.0269,0.4692,0.7234,0.0263,0.2503,8,260,0,16,128717,1
2017-06-01,46,36,10,21,15,29,22,213,3,0,116,0.6416,0.009,0.3494,0.8163,0.0177,0.166,3,332,0,16,129067,1
2017-06-02,46,36,10,25,17,30,22,285,2,0,914,0.2373,0.0017,0.761,0.4151,0.0039,0.581,3,1201,0,16,130275,1
2017-06-03,46,36,10,17,7,30,20,53,0,0,164,0.2442,0,0.7558,0.4711,0,0.5289,2,217,0,16,130498,1
2017-06-04,46,36,10,22,15,29,22,103,0,0,73,0.5852,0,0.4148,0.7732,0,0.2268,10,176,0,16,130698,1
2017-06-05,46,36,10,28,24,30,26,119,19,0,116,0.4685,0.0748,0.4567,0.6862,0.0796,0.2342,4,254,0,16,130965,1
2017-06-06,46,36,10,27,23,30,27,177,13,0,162,0.5028,0.0369,0.4602,0.6941,0.0383,0.2675,4,352,0,16,131319,1
2017-06-07,46,36,10,25,17,30,28,193,3,0,154,0.5514,0.0086,0.44,0.7267,0.0213,0.2519,16,350,0,16,131687,2
2017-06-08,46,36,10,25,18,31,29,107,3,0,87,0.5431,0.0152,0.4416,0.7437,0.0252,0.2311,23,197,0,16,131907,1
2017-06-09,46,36,10,26,16,31,29,98,15,0,108,0.4434,0.0679,0.4887,0.6227,0.0666,0.3107,16,221,0,16,132153,1
2017-06-10,46,36,10,21,9,31,29,21,0,0,52,0.2877,0,0.7123,0.5437,0.0146,0.4417,6,73,0,16,132234,1
2017-06-11,46,36,10,20,9,31,29,63,0,0,28,0.6923,0,0.3077,0.7883,0.0031,0.2086,15,91,0,16,132341,1
2017-06-12,46,36,10,25,12,31,27,111,15,0,83,0.5311,0.0718,0.3971,0.7194,0.0612,0.2194,11,209,0,16,132565,1
2017-06-13,46,36,10,27,14,32,26,41,11,0,147,0.206,0.0553,0.7387,0.4365,0.0846,0.4788,3,199,0,16,132769,1
2017-06-14,46,36,10,29,17,33,26,61,35,0,118,0.285,0.1636,0.5514,0.5269,0.1799,0.2932,22,214,0,16,133008,1
2017-06-15,46,36,10,23,17,33,25,69,1,0,23,0.7419,0.0108,0.2473,0.8684,0.0417,0.0899,6,93,0,16,133110,1
2017-06-16,46,36,10,22,9,32,24,136,3,0,15,0.8831,0.0195,0.0974,0.9239,0.0254,0.0508,4,154,0,16,133272,1
2017-06-17,46,36,10,22,8,32,24,21,5,0,13,0.5385,0.1282,0.3333,0.7379,0.131,0.131,5,39,0,16,133316,1
2017-06-18,46,36,10,26,10,32,24,28,3,0,85,0.2414,0.0259,0.7328,0.4204,0.1019,0.4777,0,116,0,16,133434,1
2017-06-19,46,36,10,25,17,32,24,116,13,0,207,0.3452,0.0387,0.6161,0.629,0.0454,0.3256,8,336,0,16,133791,17
2017-06-20,46,36,10,28,16,31,26,71,14,0,23,0.6574,0.1296,0.213,0.7482,0.1453,0.1065,7,108,0,16,133907,1
2017-06-21,46,36,10,23,15,31,25,68,3,0,130,0.3383,0.0149,0.6468,0.5646,0.0407,0.3947,3,201,0,16,134114,3
2017-06-22,46,36,10,26,13,31,23,103,15,0,148,0.3872,0.0564,0.5564,0.6068,0.0638,0.3294,6,266,0,16,134387,1
2017-06-23,46,36,10,27,19,32,25,98,12,0,312,0.2322,0.0284,0.7393,0.4543,0.0415,0.5042,23,422,0,16,134834,3
2017-06-24,46,36,10,17,10,32,24,8,0,0,102,0.0727,0,0.9273,0.2957,0.0156,0.6887,2,110,0,16,134968,22
2017-06-25,46,36,10,17,8,32,24,94,0,0,51,0.6483,0,0.3517,0.7939,0.0047,0.2014,10,145,0,16,135124,2
2017-06-26,46,36,10,23,13,32,24,55,4,0,71,0.4231,0.0308,0.5462,0.6918,0.032,0.2763,4,130,0,16,135259,1
2017-06-27,46,36,10,25,14,31,24,28,3,0,96,0.2205,0.0236,0.7559,0.539,0.0327,0.4282,3,127,0,16,135401,12
2017-06-28,46,36,10,27,18,31,25,64,15,0,143,0.2883,0.0676,0.6441,0.5453,0.0974,0.3573,6,222,0,16,135630,1
2017-06-29,46,36,10,25,17,31,25,58,2,0,63,0.4715,0.0163,0.5122,0.7446,0.03,0.2253,4,123,0,16,135764,8
2017-06-30,46,36,10,20,16,28,24,66,0,0,343,0.1614,0,0.8386,0.3473,0,0.6527,11,409,0,16,136187,3
2017-07-01,46,36,10,18,10,29,24,57,0,0,5,0.9194,0,0.0806,0.9371,0.0114,0.0514,20,62,0,16,136262,3
2017-07-02,46,36,10,19,6,29,24,90,0,0,8,0.9184,0,0.0816,0.959,0,0.041,5,98,0,16,136371,8
2017-07-03,46,36,10,16,10,30,22,27,0,0,54,0.3333,0,0.6667,0.5242,0.0088,0.467,5,81,0,16,136459,2
2017-07-04,46,36,10,22,14,30,23,66,3,0,179,0.2661,0.0121,0.7218,0.5427,0.0217,0.4357,2,248,0,16,136725,16
2017-07-05,46,36,10,26,16,29,21,84,0,0,179,0.3194,0,0.6806,0.5953,0.0052,0.3995,9,263,0,16,137028,32
2017-07-06,47,37,10,24,14,28,21,74,0,0,101,0.4229,0,0.5771,0.7023,0,0.2977,4,175,0,16,137215,6
2017-07-07,48,37,11,26,15,29,20,73,2,0,71,0.5,0.0137,0.4863,0.7841,0.0216,0.1943,18,146,0,16,137403,19
2017-07-08,48,37,11,18,10,29,20,34,0,0,43,0.4416,0,0.5584,0.6408,0.0082,0.351,4,77,0,16,137488,4
2017-07-09,48,37,11,20,10,29,21,28,0,0,13,0.6829,0,0.3171,0.8929,0.0045,0.1027,13,41,0,16,137554,11
2017-07-10,49,37,12,25,16,31,24,85,1,0,576,0.1284,0.0015,0.8701,0.4138,0.0048,0.5815,8,662,0,16,138320,94
2017-07-11,49,37,12,23,16,32,24,79,7,0,111,0.401,0.0355,0.5635,0.6438,0.0365,0.3197,8,197,0,16,138530,5
2017-07-12,49,37,12,22,13,32,24,50,0,0,153,0.2463,0,0.7537,0.5635,0.0034,0.4332,3,203,0,16,138752,14
2017-07-13,49,39,10,23,14,33,24,42,0,0,203,0.1714,0,0.8286,0.5522,0.0023,0.4455,4,245,0,16,139069,67
2017-07-14,49,39,10,22,12,31,24,32,0,0,103,0.237,0,0.763,0.6104,0,0.3896,40,135,0,16,139323,70
2017-07-15,49,39,10,17,7,31,23,3,0,0,20,0.1304,0,0.8696,0.4321,0,0.5679,2,23,0,16,139348,0
2017-07-16,49,39,10,18,9,32,22,31,0,0,31,0.5,0,0.5,0.5893,0.006,0.4048,4,62,0,16,139414,0
2017-07-17,49,39,10,25,17,30,24,80,0,0,212,0.274,0,0.726,0.5243,0,0.4757,12,292,0,16,139737,18
2017-07-18,49,39,10,20,15,28,23,87,0,0,80,0.521,0,0.479,0.7701,0,0.2299,5,167,0,15,139957,44
2017-07-19,49,39,10,24,17,27,22,97,0,0,171,0.3619,0,0.6381,0.6926,0,0.3074,17,268,0,15,140273,31
2017-07-20,49,39,10,22,15,26,21,55,0,0,68,0.4472,0,0.5528,0.7478,0,0.2522,7,123,0,15,140428,24
2017-07-21,49,39,10,26,15,28,22,69,0,0,96,0.4182,0,0.5818,0.7102,0.0017,0.2881,10,165,0,15,140615,11
2017-07-22,49,39,10,18,9,28,22,107,0,0,9,0.9224,0,0.0776,0.9417,0,0.0583,2,116,0,15,140733,0
2017-07-23,49,39,10,16,6,28,21,10,0,0,1,0.9091,0,0.0909,0.9444,0,0.0556,3,11,0,15,140747,0
2017-07-24,49,39,10,23,17,29,23,110,102,0,202,0.2657,0.2464,0.4879,0.4496,0.2077,0.3427,15,414,0,15,141192,16
2017-07-25,49,39,10,25,16,29,23,130,46,0,245,0.3088,0.1093,0.5819,0.5511,0.091,0.3579,13,421,0,15,141633,26
2017-07-26,49,39,10,25,18,30,23,114,0,0,221,0.3403,0,0.6597,0.6249,0.0021,0.373,4,335,0,15,141977,5
2017-07-27,49,39,10,23,18,30,23,53,0,0,437,0.1082,0,0.8918,0.4244,0.0009,0.5747,7,490,0,15,142512,38
2017-07-28,49,39,10,23,16,30,24,78,49,0,25,0.5132,0.3224,0.1645,0.8133,0.1126,0.0741,9,152,0,15,142696,22
2017-07-29,49,39,10,19,7,30,24,16,0,0,0,1,0,0,1,0,0,3,16,0,15,142715,0
2017-07-30,49,39,10,15,8,29,24,25,1,0,116,0.1761,0.007,0.8169,0.32,0.0033,0.6767,6,142,0,15,142864,0
2017-07-31,49,39,10,21,16,29,23,159,74,0,263,0.3206,0.1492,0.5302,0.629,0.0653,0.3057,9,496,0,15,143390,21
2017-08-01,49,39,10,29,20,31,23,92,20,0,646,0.1214,0.0264,0.8522,0.2834,0.0429,0.6737,28,758,0,15,144178,4
2017-08-02,49,39,10,26,19,33,23,86,12,0,241,0.2537,0.0354,0.7109,0.4919,0.0214,0.4868,44,339,0,16,144573,6
2017-08-03,49,39,10,23,14,33,23,395,2,0,308,0.5603,0.0028,0.4369,0.7445,0.0047,0.2508,8,705,0,16,145291,4
2017-08-04,49,39,10,23,15,33,23,50,20,0,248,0.1572,0.0629,0.7799,0.3995,0.0448,0.5557,11,318,0,16,145624,4
2017-08-05,49,39,10,19,9,33,23,26,47,0,37,0.2364,0.4273,0.3364,0.4325,0.2976,0.2699,5,110,0,16,145739,0
2017-08-06,49,39,10,15,4,33,23,2,9,0,0,0.1818,0.8182,0,0.6512,0.3256,0.0233,1,11,0,16,145751,0
2017-08-07,49,39,10,21,11,32,24,53,35,0,20,0.4907,0.3241,0.1852,0.7289,0.1765,0.0946,7,108,0,16,145866,0
2017-08-08,49,39,10,24,20,32,24,109,10,0,581,0.1557,0.0143,0.83,0.3943,0.0118,0.5939,16,700,0,16,146608,29
2017-08-09,49,39,10,24,14,29,23,72,5,0,132,0.3445,0.0239,0.6316,0.597,0.0197,0.3833,13,209,0,16,146838,5
2017-08-10,49,39,10,24,10,31,23,79,8,0,35,0.6475,0.0656,0.2869,0.8232,0.0484,0.1284,6,122,0,16,146967,1
2017-08-11,49,39,10,23,17,31,24,148,1,0,259,0.3627,0.0025,0.6348,0.5803,0.0085,0.4112,19,408,0,16,147416,23
2017-08-12,49,39,10,18,9,31,24,24,0,0,19,0.5581,0,0.4419,0.7279,0,0.2721,1,43,0,16,147459,0
2017-08-13,49,39,10,16,4,30,23,13,0,0,3,0.8125,0,0.1875,0.8657,0,0.1343,2,16,0,16,147476,0
2017-08-14,49,39,10,24,16,29,22,167,8,0,439,0.272,0.013,0.715,0.5311,0.0124,0.4565,25,614,0,16,148137,18
2017-08-15,49,39,10,24,16,28,22,45,2,0,254,0.1495,0.0066,0.8439,0.3509,0.0156,0.6335,7,301,0,16,148452,4
2017-08-16,49,39,10,21,16,28,21,66,0,0,601,0.099,0,0.901,0.2395,0.0049,0.7555,9,667,0,16,149136,3
2017-08-17,49,39,10,23,16,28,23,46,6,0,362,0.1111,0.0145,0.8744,0.3438,0.0156,0.6406,8,414,0,16,149561,5
2017-08-18,49,39,10,23,16,27,22,130,11,0,233,0.3476,0.0294,0.623,0.5263,0.0203,0.4534,26,374,0,16,149956,0
2017-08-19,49,39,10,14,11,27,22,72,0,0,49,0.595,0,0.405,0.7267,0.0031,0.2702,6,121,0,16,150083,0
2017-08-20,49,39,10,18,9,26,22,15,0,0,249,0.0568,0,0.9432,0.1783,0.0019,0.8198,10,264,0,16,150357,0
2017-08-21,49,39,10,22,15,26,24,28,69,0,257,0.0791,0.1949,0.726,0.3056,0.1079,0.5865,18,354,0,16,150735,5
2017-08-22,49,39,10,20,12,26,23,63,22,0,359,0.1419,0.0495,0.8086,0.3063,0.0384,0.6553,16,444,0,16,151185,10
2017-08-23,49,39,10,23,16,27,23,59,103,0,367,0.1115,0.1947,0.6938,0.2874,0.1032,0.6094,8,529,0,16,151722,0
2017-08-24,49,39,10,23,14,27,21,141,3,0,440,0.2414,0.0051,0.7534,0.4844,0.0063,0.5094,16,584,0,16,152322,0
2017-08-25,49,39,10,21,13,28,19,106,0,0,229,0.3164,0,0.6836,0.5355,0,0.4645,15,335,0,16,152680,6
2017-08-26,49,39,10,18,11,28,20,27,1,0,28,0.4821,0.0179,0.5,0.7424,0.0152,0.2424,1,56,0,16,152737,0
2017-08-27,49,39,10,17,8,28,20,24,1,0,6,0.7742,0.0323,0.1935,0.876,0.0078,0.1163,10,31,0,16,152776,0
2017-08-28,49,39,10,21,15,26,21,35,1,0,589,0.056,0.0016,0.9424,0.1635,0.0026,0.8339,14,625,0,16,153416,0
2017-08-29,49,39,10,21,18,27,22,68,0,0,147,0.3163,0,0.6837,0.5925,0.006,0.4015,6,215,0,16,153637,0
2017-08-30,49,39,10,21,12,28,22,31,0,0,238,0.1152,0,0.8848,0.3835,0.003,0.6135,2,269,0,16,153955,49
2017-08-31,49,39,10,19,11,26,20,39,0,0,49,0.4432,0,0.5568,0.7281,0.0094,0.2625,11,88,0,16,154069,12
2017-09-01,49,39,10,22,16,29,23,168,26,0,212,0.4138,0.064,0.5222,0.5953,0.0558,0.3488,11,406,0,16,154482,0
2017-09-02,49,39,10,18,8,30,23,18,2,0,2,0.8182,0.0909,0.0909,0.9115,0.0442,0.0442,1,22,0,16,154505,0
2017-09-03,49,39,10,17,11,29,22,41,1,0,95,0.2993,0.0073,0.6934,0.5447,0.0168,0.4385,5,137,0,16,154647,0
2017-09-04,49,39,10,20,14,28,24,75,32,0,258,0.2055,0.0877,0.7068,0.395,0.0908,0.5142,11,365,0,16,155027,0
2017-09-05,49,39,10,25,15,29,23,34,19,0,265,0.1069,0.0597,0.8333,0.3777,0.0714,0.5508,4,318,0,16,155350,1
2017-09-06,49,39,10,24,15,29,26,67,1,0,123,0.3508,0.0052,0.644,0.6406,0.023,0.3364,15,191,0,16,155562,2
2017-09-07,49,39,10,25,16,29,26,58,3,0,359,0.1381,0.0071,0.8548,0.2971,0.016,0.6869,11,420,0,16,155993,0
2017-09-08,49,39,10,22,14,29,24,72,2,0,240,0.2293,0.0064,0.7643,0.464,0.0112,0.5248,8,314,0,16,156326,16
2017-09-09,49,39,10,13,7,28,24,14,0,0,40,0.2593,0,0.7407,0.4052,0.0086,0.5862,4,54,0,16,156383,0
2017-09-10,49,39,10,14,8,29,24,51,10,0,25,0.593,0.1163,0.2907,0.6584,0.1276,0.214,6,86,0,16,156477,0
2017-09-11,49,39,10,20,15,29,23,45,1,0,160,0.2184,0.0049,0.7767,0.4483,0.011,0.5408,12,206,0,16,156696,0
2017-09-12,49,39,10,25,16,29,24,46,0,0,333,0.1214,0,0.8786,0.2936,0.005,0.7014,7,379,0,16,157083,0
2017-09-13,49,39,10,24,17,30,22,66,0,0,287,0.187,0,0.813,0.4947,0.0011,0.5043,7,353,0,16,157442,0
2017-09-14,49,39,10,23,15,30,23,56,0,0,164,0.2545,0,0.7455,0.5663,0,0.4337,12,220,0,16,157675,2
2017-09-15,49,39,10,24,16,29,23,56,8,0,94,0.3544,0.0506,0.5949,0.6727,0.0397,0.2876,11,158,0,16,157849,4
2017-09-16,49,39,10,16,4,29,23,3,0,0,97,0.03,0,0.97,0.1863,0,0.8137,4,100,0,16,157952,0
2017-09-17,49,39,10,18,9,28,23,31,0,0,162,0.1606,0,0.8394,0.3121,0,0.6879,7,193,0,16,158151,0
2017-09-18,49,39,10,25,20,27,23,103,1,0,136,0.4292,0.0042,0.5667,0.6611,0.0083,0.3306,5,240,0,16,158398,1
2017-09-19,49,39,10,26,17,27,22,110,1,0,397,0.2165,0.002,0.7815,0.3814,0.0096,0.609,8,508,0,16,158915,1
2017-09-20,49,39,10,25,23,27,24,98,0,0,204,0.3245,0,0.6755,0.5087,0,0.4913,13,302,0,16,159231,1
2017-09-21,49,39,10,28,19,29,25,98,13,0,390,0.1956,0.0259,0.7784,0.3857,0.0455,0.5687,6,501,0,16,159737,0
2017-09-22,49,39,10,25,14,30,25,30,4,0,69,0.2913,0.0388,0.6699,0.5776,0.0345,0.3879,5,103,0,16,159845,0
2017-09-23,49,39,10,19,5,30,25,8,0,0,98,0.0755,0,0.9245,0.2217,0.0047,0.7736,2,106,0,16,159953,0
2017-09-24,49,39,10,17,3,30,25,3,0,0,1,0.75,0,0.25,0.8684,0,0.1316,1,4,0,16,159958,0
2017-09-25,49,39,10,23,14,30,25,70,0,0,229,0.2341,0,0.7659,0.4124,0.0027,0.5849,1,299,0,17,160260,0
2017-09-26,49,39,10,27,18,30,24,49,0,0,316,0.1342,0,0.8658,0.3435,0.0012,0.6553,7,365,0,17,160641,9
2017-09-27,49,39,10,26,15,30,23,212,0,0,285,0.4266,0,0.5734,0.5468,0.0016,0.4516,2,497,0,18,161147,0
2017-09-28,49,39,10,24,14,30,22,155,0,0,160,0.4921,0,0.5079,0.6182,0,0.3818,8,315,0,18,161485,8
2017-09-29,49,39,10,22,16,29,22,74,1,0,275,0.2114,0.0029,0.7857,0.3663,0.0076,0.6261,5,350,0,18,161840,0
2017-09-30,49,39,10,19,9,28,22,44,0,0,4,0.9167,0,0.0833,0.9471,0.0096,0.0433,17,48,0,18,161904,0
2017-10-01,49,39,10,19,5,28,22,17,0,0,19,0.4722,0,0.5278,0.6792,0,0.3208,1,36,0,18,161941,0
2017-10-02,49,39,10,23,19,29,23,126,0,0,426,0.2283,0,0.7717,0.423,0.0008,0.5763,13,552,0,18,162538,31
2017-10-03,49,39,10,25,17,30,22,153,0,0,285,0.3493,0,0.6507,0.5525,0.0009,0.4466,5,438,0,18,162980,0
2017-10-04,49,39,10,26,14,28,21,199,0,0,102,0.6611,0,0.3389,0.7943,0,0.2057,2,301,0,18,163282,0
2017-10-05,49,39,10,26,16,30,23,96,0,0,380,0.2017,0,0.7983,0.4024,0,0.5976,2,476,0,18,163759,0
2017-10-06,49,39,10,20,12,30,21,86,0,0,176,0.3282,0,0.6718,0.5217,0,0.4783,9,262,0,18,164029,1
2017-10-07,49,39,10,19,9,29,21,8,0,0,19,0.2963,0,0.7037,0.6837,0,0.3163,0,27,0,18,164056,0
2017-10-08,49,39,10,15,8,30,21,53,0,0,8,0.8689,0,0.1311,0.929,0,0.071,15,61,0,18,164132,0
2017-10-09,49,39,10,21,10,30,21,36,0,0,38,0.4865,0,0.5135,0.6729,0.0093,0.3178,3,74,0,18,164206,0
2017-10-10,49,39,10,23,14,29,21,138,0,0,136,0.5036,0,0.4964,0.6717,0.0014,0.3269,2,274,0,18,164481,0
2017-10-11,49,39,10,24,15,28,21,168,0,0,202,0.4541,0,0.5459,0.6504,0,0.3496,2,370,0,18,164853,0
2017-10-12,49,39,10,25,16,27,21,195,0,0,593,0.2475,0,0.7525,0.4146,0,0.5854,6,788,0,18,165647,0
2017-10-13,49,39,10,24,16,28,22,238,9,0,666,0.2607,0.0099,0.7295,0.4772,0.006,0.5168,3,913,0,18,166567,0
2017-10-14,49,39,10,17,7,29,21,28,0,0,5,0.8485,0,0.1515,0.9098,0.0082,0.082,4,33,0,18,166604,0
2017-10-15,49,39,10,17,7,29,21,15,0,0,5,0.75,0,0.25,0.8372,0.0116,0.1512,2,20,0,18,166627,0
2017-10-16,49,39,10,23,18,29,24,51,8,0,224,0.1802,0.0283,0.7915,0.4164,0.0164,0.5672,0,283,0,18,166919,9
2017-10-17,49,39,10,22,16,28,23,113,1,0,139,0.4466,0.004,0.5494,0.6252,0.0044,0.3704,7,253,0,18,167181,2
2017-10-18,49,39,10,24,16,27,22,131,0,0,240,0.3531,0,0.6469,0.5537,0,0.4463,6,371,0,18,167566,5
2017-10-19,49,39,10,22,14,26,21,249,0,0,41,0.8586,0,0.1414,0.9104,0,0.0896,7,290,0,18,167863,0
2017-10-20,49,39,10,20,10,26,21,60,0,0,88,0.4054,0,0.5946,0.6411,0,0.3589,7,148,0,18,168018,1
2017-10-21,49,39,10,16,8,25,21,18,0,0,6,0.75,0,0.25,0.9027,0,0.0973,0,24,0,18,168042,0
2017-10-22,49,39,10,17,11,25,21,16,4,0,12,0.5,0.125,0.375,0.7623,0.0328,0.2049,2,32,0,18,168077,0
2017-10-23,49,39,10,23,15,25,21,47,1,0,329,0.1247,0.0027,0.8727,0.2819,0.0026,0.7156,3,377,0,18,168480,23
2017-10-24,49,39,10,20,14,25,21,168,0,0,491,0.2549,0,0.7451,0.4,0,0.6,3,659,0,18,169140,0
2017-10-25,49,39,10,22,16,25,21,118,0,0,64,0.6484,0,0.3516,0.8349,0,0.1651,4,182,0,18,169324,0
2017-10-26,49,39,10,23,16,25,21,92,0,0,352,0.2072,0,0.7928,0.3824,0,0.6176,3,444,0,18,169768,0
2017-10-27,49,39,10,24,17,26,21,63,5,0,366,0.1452,0.0115,0.8433,0.3679,0.0096,0.6225,18,434,0,18,170305,85
2017-10-28,49,39,10,20,7,26,21,24,0,0,34,0.4138,0,0.5862,0.6882,0,0.3118,8,58,0,18,170369,0
2017-10-29,49,39,10,17,6,26,21,31,0,0,10,0.7561,0,0.2439,0.8217,0,0.1783,6,41,0,18,170416,0
2017-10-30,49,39,10,22,15,26,21,143,0,0,366,0.2809,0,0.7191,0.41,0,0.59,6,509,0,18,170987,59
2017-10-31,50,40,10,25,14,29,22,111,0,0,143,0.437,0,0.563,0.6683,0.0126,0.319,3,254,0,16,171281,7
2017-11-01,50,40,10,24,15,29,21,128,0,0,131,0.4942,0,0.5058,0.7128,0,0.2872,5,259,0,16,171545,1
2017-11-02,50,40,10,25,17,29,22,46,0,0,228,0.1679,0,0.8321,0.4258,0.0015,0.5727,3,274,0,16,171823,0
2017-11-03,50,40,10,27,20,29,23,73,0,0,184,0.284,0,0.716,0.5523,0,0.4477,3,257,0,16,172103,17
2017-11-04,50,40,10,22,10,30,24,20,0,0,239,0.0772,0,0.9228,0.2539,0.0019,0.7442,6,259,0,16,172371,4
2017-11-05,50,40,10,23,11,30,24,39,1,0,71,0.3514,0.009,0.6396,0.5307,0.0361,0.4332,5,111,0,16,172486,0
2017-11-06,50,40,10,23,14,30,24,59,0,0,150,0.2823,0,0.7177,0.548,0.0018,0.4502,3,209,0,16,172705,5
2017-11-07,50,40,10,25,17,29,25,335,0,0,519,0.3923,0,0.6077,0.5598,0,0.4402,9,854,0,16,173566,3
2017-11-08,50,40,10,25,14,29,26,42,0,0,243,0.1474,0,0.8526,0.4029,0,0.5971,3,285,0,16,173854,0
2017-11-09,50,40,10,25,17,29,25,63,1,0,244,0.2045,0.0032,0.7922,0.4108,0.0053,0.5839,5,308,0,16,174168,2
2017-11-10,51,41,10,26,17,30,24,109,11,0,508,0.1736,0.0175,0.8089,0.3636,0.0132,0.6232,9,628,0,16,174813,2
2017-11-11,51,41,10,20,10,28,23,17,1,0,5,0.7391,0.0435,0.2174,0.8807,0.0183,0.1009,1,23,0,16,174837,0
2017-11-12,51,41,10,20,10,29,24,16,0,0,101,0.1368,0,0.8632,0.315,0.0037,0.6813,1,117,0,16,174955,0
2017-11-13,51,41,10,26,17,29,24,157,0,0,397,0.2834,0,0.7166,0.4566,0.0008,0.5427,7,554,0,16,175525,9
2017-11-14,51,41,10,27,18,29,24,196,0,0,478,0.2908,0,0.7092,0.4731,0,0.5269,14,674,0,16,176213,1
2017-11-15,51,41,10,25,18,29,24,105,4,0,161,0.3889,0.0148,0.5963,0.6415,0.0115,0.347,8,270,0,16,176493,1
2017-11-16,51,41,10,24,14,29,23,101,0,0,159,0.3885,0,0.6115,0.6274,0.0014,0.3712,2,260,0,16,176756,2
2017-11-17,51,41,10,26,18,29,23,84,6,0,155,0.3429,0.0245,0.6327,0.6307,0.0264,0.343,10,245,0,16,177036,21
2017-11-18,51,41,10,18,6,29,23,12,0,0,130,0.0845,0,0.9155,0.2551,0,0.7449,3,142,0,16,177181,0
2017-11-19,51,41,10,16,7,30,23,11,0,0,8,0.5789,0,0.4211,0.8361,0,0.1639,2,19,0,16,177202,0
2017-11-20,51,41,10,26,15,30,23,72,0,0,365,0.1648,0,0.8352,0.316,0.0009,0.6831,7,437,0,16,177672,24
2017-11-21,51,41,10,26,16,30,24,181,0,0,186,0.4932,0,0.5068,0.6772,0,0.3228,8,367,0,16,178051,6
2017-11-22,51,41,10,27,18,31,23,362,0,0,311,0.5379,0,0.4621,0.6658,0,0.3342,4,673,0,16,178730,1
2017-11-23,51,41,10,24,17,31,24,90,0,0,93,0.4918,0,0.5082,0.7004,0,0.2996,2,183,0,16,178924,8
2017-11-24,51,41,10,25,19,30,23,67,0,0,51,0.5678,0,0.4322,0.7687,0,0.2313,8,118,0,16,179050,0
2017-11-25,51,41,10,18,10,30,23,30,0,0,12,0.7143,0,0.2857,0.8235,0,0.1765,11,42,0,16,179103,0
2017-11-26,51,41,10,21,11,29,23,46,0,0,83,0.3566,0,0.6434,0.5446,0,0.4554,7,129,0,16,179239,0
2017-11-27,51,41,10,23,13,28,23,57,11,0,415,0.118,0.0228,0.8592,0.2402,0.0205,0.7393,9,483,0,16,179783,52
2017-11-28,51,41,10,22,13,28,23,38,0,0,101,0.2734,0,0.7266,0.5824,0,0.4176,9,139,0,16,179942,10
2017-11-29,51,41,10,26,18,28,23,170,0,0,370,0.3148,0,0.6852,0.4996,0,0.5004,6,540,0,16,180502,14
2017-11-30,51,41,10,26,19,28,24,53,0,0,163,0.2454,0,0.7546,0.5087,0,0.4913,2,216,0,16,180724,3
2017-12-01,51,41,10,24,17,28,25,121,0,0,218,0.3569,0,0.6431,0.5443,0,0.4557,1,339,0,16,181081,15
2017-12-02,51,41,10,19,9,28,25,43,0,0,51,0.4574,0,0.5426,0.6178,0,0.3822,2,94,0,16,181179,0
2017-12-03,51,41,10,16,9,28,25,40,0,0,9,0.8163,0,0.1837,0.8895,0,0.1105,5,49,0,16,181233,0
2017-12-04,52,42,10,26,13,28,25,33,0,0,329,0.0912,0,0.9088,0.2251,0,0.7749,9,362,0,16,181669,58
2017-12-05,52,42,10,23,14,28,24,80,13,0,299,0.2041,0.0332,0.7628,0.4487,0.0233,0.528,9,392,0,16,182077,5
2017-12-06,52,42,10,24,16,29,23,111,6,0,221,0.3284,0.0178,0.6538,0.5808,0.0133,0.406,7,338,0,16,182426,2
2017-12-07,52,42,10,26,16,29,21,86,11,0,385,0.1784,0.0228,0.7988,0.3997,0.0215,0.5789,9,482,0,16,182919,2
2017-12-08,52,42,10,26,17,30,22,134,0,0,154,0.4653,0,0.5347,0.712,0,0.288,0,288,0,16,183239,25
2017-12-09,52,42,10,18,9,30,22,42,0,0,22,0.6563,0,0.3438,0.7574,0,0.2426,9,64,0,16,183312,0
2017-12-10,52,42,10,18,8,31,22,8,0,0,34,0.1905,0,0.8095,0.5455,0.0076,0.447,6,42,0,16,183359,0
2017-12-11,52,42,10,22,11,30,21,65,0,0,120,0.3514,0,0.6486,0.5357,0,0.4643,7,185,0,16,183555,0
2017-12-12,52,42,10,20,13,30,22,210,3,0,569,0.2685,0.0038,0.7276,0.4213,0.003,0.5757,6,782,0,16,184341,0
2017-12-13,52,42,10,24,16,29,22,244,0,0,118,0.674,0,0.326,0.7665,0,0.2335,5,362,0,16,184708,0
2017-12-14,52,42,10,25,13,28,20,47,0,0,94,0.3333,0,0.6667,0.5915,0,0.4085,5,141,0,16,184854,1
2017-12-15,52,42,10,23,14,27,19,46,0,0,198,0.1885,0,0.8115,0.4036,0,0.5964,5,244,0,16,185109,7
2017-12-16,52,42,10,10,3,27,19,30,0,0,0,1,0,0,0.9872,0,0.0128,7,30,0,16,185145,0
2017-12-17,52,42,10,14,5,26,19,23,0,0,0,1,0,0,1,0,0,2,23,0,16,185170,0
2017-12-18,52,42,10,20,12,26,19,46,15,0,148,0.2201,0.0718,0.7081,0.4455,0.0603,0.4942,6,209,0,16,185387,0
2017-12-19,52,42,10,21,14,26,19,44,0,0,83,0.3465,0,0.6535,0.6047,0,0.3953,7,127,0,16,185522,0
2017-12-20,52,42,10,22,13,26,17,49,0,0,112,0.3043,0,0.6957,0.5309,0,0.4691,8,161,0,16,185692,0
2017-12-21,52,42,10,19,8,26,16,17,0,0,26,0.3953,0,0.6047,0.6849,0,0.3151,3,43,0,16,185739,0
2017-12-22,52,42,10,15,7,26,15,101,0,0,2,0.9806,0,0.0194,0.975,0,0.025,4,103,0,16,185848,1
2017-12-23,52,42,10,16,10,26,15,20,0,0,19,0.5128,0,0.4872,0.7681,0,0.2319,3,39,0,16,185890,0
2017-12-24,52,42,10,15,3,26,15,0,0,0,16,0,0,1,0.434,0,0.566,1,16,0,16,185907,0
2017-12-25,52,42,10,10,4,26,15,4,0,0,4,0.5,0,0.5,0.8276,0,0.1724,5,8,0,16,185920,0
2017-12-26,52,42,10,10,3,25,13,0,0,0,1,0,0,1,0.9333,0,0.0667,2,1,0,16,185923,0
2017-12-27,52,42,10,9,4,23,11,17,0,0,0,1,0,0,1,0,0,3,17,0,16,185943,0
2017-12-28,52,42,10,14,8,23,13,26,0,0,62,0.2955,0,0.7045,0.5348,0,0.4652,13,88,0,16,186044,0
2017-12-29,52,42,10,10,4,23,13,12,0,0,0,1,0,0,0.9828,0,0.0172,6,12,0,16,186063,1
2017-12-30,52,42,10,13,3,24,11,5,0,0,27,0.1563,0,0.8438,0.4429,0,0.5571,0,32,0,16,186095,0
2017-12-31,52,42,10,11,6,23,12,16,0,0,133,0.1074,0,0.8926,0.1767,0,0.8233,3,149,0,16,186248,0
2018-01-01,52,42,10,14,10,22,13,44,0,0,8,0.8462,0,0.1538,0.8372,0,0.1628,15,52,0,16,186314,0
2018-01-02,52,42,10,14,8,22,13,138,0,0,140,0.4964,0,0.5036,0.5993,0,0.4007,4,278,0,16,186610,14
2018-01-03,52,42,10,20,9,23,14,132,0,0,150,0.4681,0,0.5319,0.6397,0,0.3603,4,282,0,16,186894,0
2018-01-04,52,42,10,13,8,22,13,79,0,0,136,0.3674,0,0.6326,0.5323,0,0.4677,4,215,0,16,187113,0
2018-01-05,52,42,10,16,10,23,15,57,0,0,71,0.4453,0,0.5547,0.6042,0,0.3958,0,128,0,16,187241,0
2018-01-06,52,42,10,16,6,23,15,23,0,0,116,0.1655,0,0.8345,0.3149,0,0.6851,4,139,0,16,187384,0
2018-01-07,52,42,10,15,8,24,15,55,0,0,43,0.5612,0,0.4388,0.6756,0.0038,0.3206,6,98,0,16,187489,0
2018-01-08,52,42,10,26,13,28,18,64,0,0,349,0.155,0,0.845,0.3229,0.0011,0.676,4,413,0,16,187960,0
2018-01-09,52,42,10,18,10,28,18,30,0,0,107,0.219,0,0.781,0.4435,0,0.5565,3,137,0,16,188099,0
2018-01-10,52,42,10,21,13,28,18,66,0,0,231,0.2222,0,0.7778,0.4275,0,0.5725,2,297,0,16,188409,11
2018-01-11,52,42,10,19,11,29,18,31,0,0,382,0.0751,0,0.9249,0.2142,0,0.7858,1,413,0,16,188275,4
2018-01-12,52,42,10,22,11,29,17,9,0,0,57,0.1364,0,0.8636,0.4631,0,0.5369,4,66,0,16,188346,0
2018-01-13,52,42,10,11,4,29,17,24,0,0,7,0.7742,0,0.2258,0.8182,0,0.1818,0,31,0,16,188377,0
2018-01-14,52,42,10,13,8,29,17,124,0,0,13,0.9051,0,0.0949,0.9248,0,0.0752,1,137,0,16,188515,0
2018-01-15,52,42,10,20,14,28,16,45,1,0,244,0.1552,0.0034,0.8414,0.2761,0.0064,0.7175,1,290,0,16,188807,0
2018-01-16,52,42,10,21,11,28,18,26,0,0,105,0.1985,0,0.8015,0.4033,0,0.5967,6,131,0,16,188945,0
2018-01-17,52,42,10,23,14,27,19,62,0,0,290,0.1761,0,0.8239,0.3802,0,0.6198,6,352,0,16,189301,0
2018-01-18,52,42,10,23,16,28,22,71,0,0,259,0.2152,0,0.7848,0.4025,0.0013,0.5963,6,330,0,16,189638,0
2018-01-19,52,42,10,23,15,28,22,70,0,0,113,0.3825,0,0.6175,0.6655,0,0.3345,4,183,0,16,189825,0
2018-01-20,52,42,10,15,5,27,22,34,0,0,42,0.4474,0,0.5526,0.633,0,0.367,19,76,0,16,189920,0
2018-01-21,52,42,10,17,5,28,22,6,0,0,8,0.4286,0,0.5714,0.8261,0,0.1739,4,14,0,16,189938,0
2018-01-22,52,42,10,21,12,28,21,94,0,0,155,0.3775,0,0.6225,0.5567,0.0017,0.4416,0,249,0,16,190194,8
2018-01-23,52,42,10,21,14,27,21,126,0,0,300,0.2958,0,0.7042,0.3857,0.001,0.6133,1,426,0,16,190621,0
2018-01-24,52,42,10,23,13,27,20,143,0,0,165,0.4643,0,0.5357,0.6304,0,0.3696,7,308,0,16,190955,22
2018-01-25,52,42,10,20,12,27,19,77,0,0,239,0.2437,0,0.7563,0.3879,0,0.6121,12,316,0,16,191283,0
2018-01-26,52,42,10,21,12,26,19,64,0,0,93,0.4076,0,0.5924,0.6551,0,0.3449,3,157,0,16,191442,0
2018-01-27,52,42,10,13,7,26,19,12,0,0,23,0.3429,0,0.6571,0.5802,0,0.4198,4,35,0,16,191480,0
2018-01-28,52,42,10,17,11,26,19,110,0,0,15,0.88,0,0.12,0.9019,0,0.0981,2,125,0,16,191607,0
2018-01-29,52,42,10,20,13,26,18,33,0,0,213,0.1341,0,0.8659,0.2974,0,0.7026,1,246,0,16,191855,0
2018-01-30,52,42,10,20,15,27,18,134,0,0,316,0.2978,0,0.7022,0.4573,0,0.5427,1,450,0,16,192306,0
2018-01-31,52,42,10,25,15,27,18,102,0,0,340,0.2308,0,0.7692,0.4169,0,0.5831,5,442,0,16,192752,0
2018-02-01,52,42,10,23,13,27,18,48,0,0,230,0.1727,0,0.8273,0.3435,0,0.6565,5,278,0,16,193034,0
2018-02-02,52,42,10,23,16,27,19,34,2,0,347,0.0888,0.0052,0.906,0.2432,0.0041,0.7527,8,383,0,16,193426,0
2018-02-03,52,42,10,16,6,27,19,3,0,0,26,0.1034,0,0.8966,0.4773,0,0.5227,0,29,0,16,193455,0
2018-02-04,52,42,10,14,9,27,19,93,0,0,581,0.138,0,0.862,0.2043,0.0017,0.794,4,674,0,16,194133,0
2018-02-05,53,42,11,23,14,28,19,148,3,0,283,0.341,0.0069,0.6521,0.5438,0.0063,0.4498,3,434,0,16,194573,0
2018-02-06,53,42,11,21,14,28,20,110,0,0,144,0.4331,0,0.5669,0.6428,0.0045,0.3528,2,254,0,16,194828,0
2018-02-07,53,42,11,24,13,27,20,41,0,0,562,0.068,0,0.932,0.1826,0,0.8174,1,603,0,16,195433,0
2018-02-08,53,42,11,20,12,27,20,46,0,0,260,0.1503,0,0.8497,0.3307,0,0.6693,2,306,0,16,195741,0
2018-02-09,53,42,11,23,15,30,19,71,0,0,78,0.4765,0,0.5235,0.6901,0,0.3099,3,149,0,16,195892,0
2018-02-10,53,42,11,17,10,30,19,25,0,0,32,0.4386,0,0.5614,0.5989,0,0.4011,4,57,0,16,195953,0
2018-02-11,53,42,11,14,8,30,19,43,0,0,17,0.7167,0,0.2833,0.8027,0,0.1973,5,60,0,16,196018,0
2018-02-12,53,42,11,18,11,30,18,51,0,0,329,0.1342,0,0.8658,0.2838,0,0.7162,1,380,0,16,196402,0
2018-02-13,53,42,11,23,15,29,19,28,0,0,412,0.0636,0,0.9364,0.1959,0,0.8041,3,440,0,16,196845,0
2018-02-14,53,42,11,24,14,29,19,304,0,0,133,0.6957,0,0.3043,0.7859,0,0.2141,7,437,0,16,197289,0
2018-02-15,53,42,11,21,13,29,20,120,0,0,96,0.5556,0,0.4444,0.7469,0,0.2531,3,216,0,16,197508,0
2018-02-16,53,42,11,24,14,26,19,219,0,0,164,0.5718,0,0.4282,0.7342,0.0009,0.2649,5,383,0,16,197894,0
2018-02-17,53,42,11,18,8,27,18,12,0,0,56,0.1765,0,0.8235,0.4192,0,0.5808,0,68,0,16,197962,0
2018-02-18,53,42,11,16,6,27,18,8,0,0,35,0.186,0,0.814,0.5,0,0.5,0,43,0,16,198005,0
2018-02-19,53,42,11,15,6,27,18,7,0,0,1,0.875,0,0.125,0.9107,0,0.0893,3,8,0,16,198016,0
2018-02-20,53,42,11,21,13,28,18,114,1,0,113,0.5,0.0044,0.4956,0.6384,0.0102,0.3514,5,228,0,16,198251,1
2018-02-21,55,42,13,19,13,28,18,114,3,0,200,0.3596,0.0095,0.6309,0.5529,0.0144,0.4327,0,317,0,16,198568,0
2018-02-22,56,42,14,18,13,29,19,35,34,0,102,0.2047,0.1988,0.5965,0.3204,0.2184,0.4612,1,171,0,16,198741,0
2018-02-23,56,42,14,21,15,28,18,36,26,0,47,0.3303,0.2385,0.4312,0.4877,0.2469,0.2654,8,109,0,16,198856,0
2018-02-24,56,42,14,16,11,29,19,18,6,0,38,0.2903,0.0968,0.6129,0.4067,0.2067,0.3867,14,62,0,16,198931,0
2018-02-25,56,42,14,16,8,29,20,15,0,0,21,0.4167,0,0.5833,0.5794,0.028,0.3925,7,36,0,16,198974,0
2018-02-26,57,42,15,21,13,30,21,118,1,0,270,0.3033,0.0026,0.6941,0.409,0.0092,0.5818,9,389,0,16,199378,0
2018-02-27,57,42,15,23,14,29,21,30,37,0,301,0.0815,0.1005,0.8179,0.1966,0.1299,0.6735,2,368,0,16,199750,0
2018-02-28,57,42,15,28,12,30,20,123,0,0,169,0.4212,0,0.5788,0.5922,0.0052,0.4026,8,292,0,16,200064,0
2018-03-01,57,42,15,26,14,30,22,66,0,0,108,0.3793,0,0.6207,0.5875,0.0042,0.4083,8,174,0,16,200250,2
2018-03-02,57,42,15,27,13,29,21,20,1,0,139,0.125,0.0063,0.8688,0.4295,0.0157,0.5548,9,160,0,16,200418,0
2018-03-03,57,42,15,18,8,29,21,20,0,0,323,0.0583,0,0.9417,0.1065,0,0.8935,6,343,0,16,200767,0
2018-03-04,57,42,15,13,9,29,20,52,0,0,18,0.7429,0,0.2571,0.8309,0,0.1691,5,70,0,16,200842,0
2018-03-05,57,42,15,19,14,29,20,63,0,0,227,0.2172,0,0.7828,0.4022,0,0.5978,16,290,0,16,201148,0
2018-03-06,57,42,15,24,14,29,19,97,0,0,235,0.2922,0,0.7078,0.4683,0,0.5317,12,332,0,16,201491,0
2018-03-07,57,42,15,26,15,30,20,209,0,0,284,0.4239,0,0.5761,0.6021,0.0009,0.397,5,493,0,16,201989,0
2018-03-08,57,42,15,24,12,30,19,66,0,0,30,0.6875,0,0.3125,0.8325,0,0.1675,2,96,0,16,202087,0
2018-03-09,57,42,15,25,13,29,19,48,0,0,42,0.5333,0,0.4667,0.7928,0.003,0.2042,3,90,0,17,202182,0
2018-03-10,57,42,15,15,6,29,19,25,0,0,2,0.9259,0,0.0741,0.878,0,0.122,0,27,0,17,202209,0
2018-03-11,57,42,15,14,8,29,19,19,0,0,17,0.5278,0,0.4722,0.7129,0,0.2871,3,36,0,17,202249,0
2018-03-12,57,42,15,21,13,30,20,40,0,0,106,0.274,0,0.726,0.4576,0,0.5424,0,146,0,17,202396,0
2018-03-13,57,42,15,23,13,30,19,159,0,0,176,0.4746,0,0.5254,0.6655,0,0.3345,6,335,0,17,202736,0
2018-03-14,58,43,15,22,17,29,21,106,0,0,169,0.3855,0,0.6145,0.5701,0,0.4299,4,275,0,17,203016,0
2018-03-15,58,43,15,22,13,28,21,96,0,0,136,0.4138,0,0.5862,0.6421,0,0.3579,0,232,0,17,203248,0
2018-03-16,58,43,15,22,13,26,19,72,0,0,280,0.2045,0,0.7955,0.3421,0,0.6579,3,352,0,17,203603,0
2018-03-17,58,43,15,11,5,26,19,32,0,0,49,0.3951,0,0.6049,0.5093,0,0.4907,6,81,0,17,203689,0
2018-03-18,58,43,15,16,7,27,20,13,0,0,39,0.25,0,0.75,0.5573,0,0.4427,5,52,0,17,203746,0
2018-03-19,58,43,15,18,12,26,19,35,0,0,68,0.3398,0,0.6602,0.4903,0.0039,0.5058,0,103,0,17,203848,0
2018-03-20,58,43,15,20,11,26,19,66,0,0,139,0.322,0,0.678,0.5127,0,0.4873,5,205,0,17,204060,0
2018-03-21,58,43,15,25,14,26,19,52,0,0,246,0.1745,0,0.8255,0.3166,0,0.6834,10,298,0,17,204369,0
2018-03-22,58,43,15,23,13,26,20,39,0,0,167,0.1893,0,0.8107,0.4097,0,0.5903,5,206,0,17,204580,0
2018-03-23,59,44,15,24,15,27,19,59,0,0,199,0.2287,0,0.7713,0.4946,0,0.5054,5,258,0,18,204843,0
2018-03-24,59,44,15,16,6,28,19,10,0,0,18,0.3571,0,0.6429,0.6957,0,0.3043,0,28,0,18,204871,0
2018-03-25,59,44,15,12,8,27,19,28,0,0,5,0.8485,0,0.1515,0.9592,0,0.0408,4,33,0,18,204909,0
2018-03-26,59,44,15,22,9,27,19,32,0,0,145,0.1808,0,0.8192,0.3789,0,0.6211,8,177,0,18,205094,0
2018-03-27,59,44,15,22,12,27,20,53,0,0,324,0.1406,0,0.8594,0.2953,0,0.7047,2,377,0,18,205473,0
2018-03-28,59,44,15,21,15,27,19,58,0,0,96,0.3766,0,0.6234,0.596,0.0025,0.4015,8,154,0,18,205635,0
2018-03-29,59,44,15,21,13,27,19,80,0,0,239,0.2508,0,0.7492,0.4096,0,0.5904,4,319,0,18,205960,1
2018-03-30,60,44,16,18,9,27,19,56,328,0,23,0.1376,0.8059,0.0565,0.2361,0.7167,0.0472,4,407,0,18,206374,1
2018-03-31,60,44,16,13,5,28,21,20,0,0,1,0.9524,0,0.0476,0.9882,0.0118,0,0,21,0,18,206395,0
2018-04-01,60,44,16,12,1,27,21,6,0,0,1,0.8571,0,0.1429,0.9722,0,0.0278,0,7,0,18,206402,0
2018-04-02,61,45,16,19,12,25,21,45,0,0,168,0.2113,0,0.7887,0.4167,0.0021,0.5813,4,213,0,18,206618,0
2018-04-03,61,45,16,20,15,26,21,27,0,0,221,0.1089,0,0.8911,0.3298,0,0.6702,9,248,0,18,206875,0
2018-04-04,61,45,16,25,11,28,19,111,0,0,182,0.3788,0,0.6212,0.5666,0,0.4334,7,293,0,18,207175,0
2018-04-05,61,45,16,26,15,30,20,55,0,0,244,0.1839,0,0.8161,0.3974,0,0.6026,11,299,0,19,207485,0
2018-04-06,61,45,16,24,15,29,20,86,0,0,163,0.3454,0,0.6546,0.5818,0,0.4182,4,249,0,19,207740,0
2018-04-07,61,45,16,17,8,29,19,86,0,0,46,0.6515,0,0.3485,0.7726,0,0.2274,14,132,0,19,207886,0
2018-04-08,61,45,16,13,10,29,19,12,0,0,116,0.0938,0,0.9063,0.2575,0,0.7425,3,128,0,19,208017,0
2018-04-09,61,45,16,27,11,31,21,19,0,0,52,0.2676,0,0.7324,0.622,0,0.378,0,71,0,19,208089,0
2018-04-10,61,45,16,21,12,31,22,66,0,0,44,0.6,0,0.4,0.7887,0,0.2113,1,110,0,19,208201,0
2018-04-11,61,45,16,23,14,31,22,26,0,0,61,0.2989,0,0.7011,0.626,0,0.374,1,87,0,19,208289,0
2018-04-12,61,45,16,28,14,31,22,49,0,0,166,0.2279,0,0.7721,0.4854,0,0.5146,0,215,0,19,208506,0
2018-04-13,61,45,16,24,15,31,21,132,0,0,337,0.2814,0,0.7186,0.4741,0.0009,0.525,7,469,0,20,208986,0
2018-04-14,61,45,16,15,8,30,21,11,0,0,71,0.1341,0,0.8659,0.3122,0,0.6878,2,82,0,20,209070,0
2018-04-15,61,45,16,18,12,30,21,50,0,0,38,0.5682,0,0.4318,0.732,0,0.268,5,88,0,20,209163,0
2018-04-16,61,45,16,23,13,30,20,33,0,0,158,0.1728,0,0.8272,0.4434,0,0.5566,0,191,0,20,209354,0
2018-04-17,61,45,16,18,11,29,19,11,0,0,11,0.5,0,0.5,0.7788,0,0.2212,0,22,0,20,209380,0
2018-04-18,61,45,16,26,14,29,19,80,0,0,111,0.4188,0,0.5812,0.6655,0,0.3345,5,191,0,20,209579,0
2018-04-19,61,45,16,29,14,32,20,112,0,0,118,0.487,0,0.513,0.6973,0,0.3027,13,230,0,21,209823,0
2018-04-20,61,45,16,31,14,33,18,62,0,0,273,0.1851,0,0.8149,0.423,0.0012,0.5758,5,335,0,21,210162,0
2018-04-21,61,45,16,18,8,33,18,19,0,0,52,0.2676,0,0.7324,0.5528,0,0.4472,2,71,0,21,210234,0
2018-04-22,61,45,16,15,10,33,17,46,0,0,8,0.8519,0,0.1481,0.9308,0,0.0692,6,54,0,21,210293,0
2018-04-23,61,45,16,25,15,33,19,153,0,0,111,0.5795,0,0.4205,0.7545,0,0.2455,13,264,0,21,210569,0
2018-04-24,61,45,16,21,15,33,20,138,0,0,367,0.2733,0,0.7267,0.5,0,0.5,4,505,0,21,211079,0
2018-04-25,61,45,16,20,13,32,21,116,0,0,29,0.8,0,0.2,0.8881,0,0.1119,3,145,0,21,211282,60
2018-04-26,61,45,16,23,14,31,20,95,0,0,82,0.5367,0,0.4633,0.7454,0,0.2546,1,177,0,21,211530,76
2018-04-27,61,45,16,18,12,28,20,43,0,0,172,0.2,0,0.8,0.3694,0,0.6306,11,215,0,21,211761,5
2018-04-28,61,45,16,15,5,28,20,33,0,0,10,0.7674,0,0.2326,0.8217,0,0.1783,3,43,0,21,211810,0
2018-04-29,61,45,16,12,7,27,19,23,0,0,66,0.2584,0,0.7416,0.4369,0.0045,0.5586,6,89,0,21,211905,0
2018-04-30,61,45,16,19,13,26,19,57,0,0,174,0.2468,0,0.7532,0.4627,0,0.5373,1,231,0,21,212144,4
2018-05-01,61,45,16,18,14,26,21,17,0,0,61,0.2179,0,0.7821,0.4545,0,0.5455,2,78,0,21,212230,3
2018-05-02,61,45,16,17,13,26,20,27,0,0,71,0.2755,0,0.7245,0.4949,0,0.5051,2,98,0,21,212331,0
2018-05-03,61,45,16,23,14,24,21,21,0,0,69,0.2333,0,0.7667,0.5413,0,0.4587,1,90,0,22,212422,0
2018-05-04,63,45,18,19,13,24,21,59,0,0,262,0.1838,0,0.8162,0.3182,0,0.6818,3,321,0,22,212749,0
2018-05-05,64,45,19,15,7,27,21,35,0,0,4,0.8974,0,0.1026,0.94,0,0.06,0,39,0,22,212790,0
2018-05-06,64,45,19,20,10,29,23,16,0,0,70,0.186,0,0.814,0.3704,0,0.6296,2,86,0,22,212879,0
2018-05-07,65,45,20,21,11,32,23,19,0,0,184,0.0936,0,0.9064,0.2332,0,0.7668,2,203,0,22,213089,0
2018-05-08,65,45,20,25,13,32,21,68,0,0,72,0.4857,0,0.5143,0.6253,0,0.3747,2,140,0,22,213242,5
2018-05-09,65,45,20,23,13,33,21,30,0,0,59,0.3371,0,0.6629,0.5798,0,0.4202,5,89,0,22,213337,0
2018-05-10,65,45,20,26,17,33,22,62,12,0,71,0.4276,0.0828,0.4897,0.5847,0.1151,0.3002,9,145,0,22,213495,0
2018-05-11,65,45,20,19,9,33,22,15,0,0,12,0.5556,0,0.4444,0.8647,0.0075,0.1278,7,27,0,22,213529,0
2018-05-12,65,45,20,14,5,33,22,10,0,0,9,0.5263,0,0.4737,0.7612,0,0.2388,1,19,0,22,213550,0
2018-05-13,65,45,20,15,8,33,21,17,0,0,2,0.8947,0,0.1053,0.9459,0,0.0541,2,19,0,22,213571,0
2018-05-14,65,45,20,19,14,33,22,33,0,0,131,0.2012,0,0.7988,0.4092,0.0046,0.5862,1,164,0,22,213743,0
2018-05-15,65,45,20,21,11,32,23,100,0,0,91,0.5236,0,0.4764,0.6876,0.0022,0.3102,3,191,0,22,213936,0
2018-05-16,65,45,20,32,13,34,25,67,0,0,88,0.4323,0,0.5677,0.6497,0,0.3503,7,155,0,22,214105,0
2018-05-17,65,45,20,26,18,34,23,77,0,0,58,0.5704,0,0.4296,0.7105,0,0.2895,6,135,0,22,214251,0
2018-05-18,65,45,20,23,15,34,23,78,0,0,265,0.2274,0,0.7726,0.4094,0,0.5906,3,343,0,22,214601,0
2018-05-19,65,45,20,15,10,34,23,26,0,0,29,0.4727,0,0.5273,0.6188,0,0.3813,1,55,0,22,214660,0
2018-05-20,65,45,20,14,5,34,23,11,0,0,1,0.9167,0,0.0833,0.9846,0,0.0154,6,12,0,22,214681,0
2018-05-21,65,45,20,15,6,34,23,19,0,0,3,0.8636,0,0.1364,0.9247,0,0.0753,0,22,0,22,214707,0
2018-05-22,66,46,20,25,14,35,24,30,0,0,383,0.0726,0,0.9274,0.1778,0,0.8222,1,413,0,22,215137,2
2018-05-23,67,46,21,29,17,34,26,105,0,0,120,0.4667,0,0.5333,0.689,0,0.311,2,225,0,22,215383,0
2018-05-24,67,46,21,25,17,34,25,46,0,0,115,0.2857,0,0.7143,0.5575,0,0.4425,6,161,0,22,215557,0
2018-05-25,67,46,21,28,15,33,25,69,0,0,204,0.2527,0,0.7473,0.429,0,0.571,4,273,0,22,215841,0
2018-05-26,67,46,21,20,7,33,25,12,0,0,10,0.5455,0,0.4545,0.7024,0,0.2976,10,22,0,22,215882,0
2018-05-27,67,46,21,10,5,33,25,7,0,0,23,0.2333,0,0.7667,0.4058,0,0.5942,3,30,0,22,215916,0
2018-05-28,67,46,21,30,9,33,25,34,0,0,41,0.4533,0,0.5467,0.6552,0,0.3448,3,75,0,22,215994,0
2018-05-29,67,46,21,25,10,33,26,19,0,0,60,0.2405,0,0.7595,0.5134,0,0.4866,3,79,0,22,216077,0
2018-05-30,67,46,21,24,17,34,27,49,0,0,33,0.5976,0,0.4024,0.7154,0,0.2846,5,82,0,22,216180,0
2018-05-31,67,46,21,29,18,34,27,44,0,0,64,0.4074,0,0.5926,0.6788,0,0.3212,3,108,0,22,216304,0
2018-06-01,66,45,21,27,18,36,28,76,0,0,91,0.4551,0,0.5449,0.7416,0,0.2584,11,167,0,22,216489,0
2018-06-02,66,45,21,27,10,37,29,31,0,0,103,0.2313,0,0.7687,0.4848,0,0.5152,5,134,0,22,216629,0
2018-06-03,66,45,21,20,8,37,29,25,0,0,29,0.463,0,0.537,0.7273,0,0.2727,9,54,0,22,216693,0
2018-06-04,67,45,22,26,15,38,28,95,0,0,382,0.1992,0,0.8008,0.3763,0.001,0.6227,10,477,0,23,217273,0
2018-06-05,67,45,22,27,16,38,28,112,0,0,89,0.5572,0,0.4428,0.7049,0,0.2951,4,201,0,23,217497,0
2018-06-06,67,45,22,31,18,37,26,59,0,0,238,0.1987,0,0.8013,0.4286,0,0.5714,4,297,0,23,217852,0
2018-06-07,68,45,23,29,16,36,25,83,0,0,131,0.3879,0,0.6121,0.6274,0,0.3726,13,214,0,23,218127,0
2018-06-08,69,45,24,29,13,36,25,53,0,0,28,0.6543,0,0.3457,0.7994,0,0.2006,4,81,0,23,218418,0
2018-06-09,69,45,24,26,8,37,26,42,0,0,16,0.7241,0,0.2759,0.8261,0,0.1739,5,58,0,23,218483,0
2018-06-10,69,45,24,17,6,37,27,65,0,0,1,0.9848,0,0.0152,1,0,0,10,66,0,23,218560,0
2018-06-11,69,45,24,27,14,38,29,52,0,0,216,0.194,0,0.806,0.3862,0,0.6138,3,268,0,23,218850,0
2018-06-12,69,45,24,30,16,38,29,142,0,0,889,0.1377,0,0.8623,0.2564,0,0.7436,6,1031,0,23,219924,0
2018-06-13,69,45,24,25,12,38,27,83,0,0,113,0.4235,0,0.5765,0.5536,0,0.4464,1,196,0,23,220128,0
2018-06-14,69,45,24,29,14,37,25,145,0,0,242,0.3747,0,0.6253,0.5449,0,0.4551,1,387,0,23,220521,0
2018-06-15,69,45,24,23,17,36,25,43,0,0,128,0.2515,0,0.7485,0.5423,0,0.4577,10,171,0,23,220719,0
2018-06-16,69,45,24,20,11,36,24,32,0,0,8,0.8,0,0.2,0.8333,0,0.1667,1,40,0,23,220761,0
2018-06-17,69,45,24,21,9,36,24,25,0,0,11,0.6944,0,0.3056,0.844,0,0.156,2,36,0,23,220800,0
2018-06-18,69,45,24,27,14,37,24,71,0,0,262,0.2132,0,0.7868,0.349,0,0.651,6,333,0,23,221141,0
2018-06-19,69,45,24,30,19,37,25,106,0,0,299,0.2617,0,0.7383,0.4576,0,0.5424,13,405,0,23,71222,0
2018-06-20,69,45,24,31,20,37,26,112,0,0,225,0.3323,0,0.6677,0.5256,0,0.4744,11,337,0,23,221947,0
2018-06-21,69,45,24,28,15,37,27,158,0,0,197,0.4451,0,0.5549,0.6158,0,0.3842,16,355,0,23,222327,0
2018-06-22,69,45,24,27,17,37,26,243,0,0,334,0.4211,0,0.5789,0.5366,0,0.4634,34,577,0,23,223010,0
2018-06-23,69,45,24,23,8,37,26,62,0,0,589,0.0952,0,0.9048,0.1814,0,0.8186,18,651,0,23,223676,0
2018-06-24,69,45,24,18,12,37,26,33,0,0,487,0.0635,0,0.9365,0.1737,0,0.8263,24,520,0,23,224218,0
2018-06-25,69,45,24,31,19,36,27,79,0,0,334,0.1913,0,0.8087,0.419,0.0032,0.5778,16,413,0,23,224660,0
2018-06-26,69,45,24,26,18,37,28,70,0,0,183,0.2767,0,0.7233,0.6043,0,0.3957,10,253,0,23,224923,0
2018-06-27,69,45,24,29,14,37,27,137,0,0,73,0.6524,0,0.3476,0.8671,0,0.1329,0,210,0,23,225133,0
2018-06-28,69,45,24,27,11,37,27,107,0,0,363,0.2277,0,0.7723,0.514,0,0.486,10,470,0,23,225608,0
2018-06-29,69,45,24,31,17,37,27,94,0,0,229,0.291,0,0.709,0.6491,0,0.3509,14,323,0,23,225948,0
2018-06-30,69,45,24,20,13,38,28,42,2,0,231,0.1527,0.0073,0.84,0.4018,0.0059,0.5924,5,275,0,23,226228,0
2018-07-01,69,45,24,25,14,38,28,209,0,0,372,0.3597,0,0.6403,0.5529,0,0.4471,20,581,0,23,226829,0
2018-07-02,69,45,24,21,11,38,26,33,0,0,55,0.375,0,0.625,0.7076,0,0.2924,13,88,0,23,226928,0
2018-07-03,69,45,24,22,15,38,27,43,0,0,581,0.0689,0,0.9311,0.2467,0,0.7533,7,624,0,23,227560,0
2018-07-04,69,46,23,24,14,37,26,122,0,0,437,0.2182,0,0.7818,0.4848,0.0029,0.5123,17,559,0,23,228136,0
2018-07-05,69,46,23,31,17,38,27,62,0,0,405,0.1328,0,0.8672,0.3651,0,0.6349,3,467,0,23,228617,0
2018-07-06,69,46,23,28,20,37,28,93,0,0,190,0.3286,0,0.6714,0.5558,0.002,0.4423,12,283,0,23,228919,0
2018-07-07,69,46,23,23,11,37,29,59,0,0,69,0.4609,0,0.5391,0.6693,0,0.3307,5,128,0,23,229060,0
2018-07-08,69,46,23,24,16,38,28,67,0,0,220,0.2334,0,0.7666,0.5418,0.0024,0.4558,4,287,0,23,229356,0
2018-07-09,69,46,23,34,21,39,32,113,0,0,206,0.3542,0,0.6458,0.6022,0.0018,0.396,9,319,0,23,229689,0
2018-07-10,69,46,23,30,20,38,31,140,0,0,422,0.2491,0,0.7509,0.5775,0,0.4225,8,562,0,23,230261,0
2018-07-11,69,46,23,29,16,37,31,88,0,0,36,0.7097,0,0.2903,0.8908,0,0.1092,5,124,0,23,230390,0
2018-07-12,69,46,23,27,11,38,30,65,0,0,77,0.4577,0,0.5423,0.735,0.0071,0.258,2,142,0,23,230535,0
2018-07-13,69,46,23,26,11,37,27,33,0,0,119,0.2171,0,0.7829,0.5436,0,0.4564,2,152,0,23,230689,0
2018-07-14,70,47,23,24,14,40,27,113,0,0,52,0.6848,0,0.3152,0.8416,0,0.1584,6,165,0,23,230861,0
2018-07-15,70,47,23,23,12,40,26,70,0,0,31,0.6931,0,0.3069,0.7848,0,0.2152,5,101,0,23,230970,0
2018-07-16,70,47,23,26,10,38,25,40,0,0,57,0.4124,0,0.5876,0.7943,0,0.2057,5,97,0,23,231088,0
2018-07-17,70,47,23,28,15,38,24,51,0,0,164,0.2372,0,0.7628,0.5684,0,0.4316,7,215,0,24,231311,0
2018-07-18,70,47,23,26,11,37,25,17,0,0,16,0.5152,0,0.4848,0.9159,0,0.0841,2,33,0,24,231348,0
2018-07-19,70,47,23,30,17,37,27,32,0,0,33,0.4923,0,0.5077,0.9012,0,0.0988,5,65,0,24,231418,0
2018-07-20,70,47,23,28,13,37,28,26,0,0,212,0.1092,0,0.8908,0.4642,0,0.5358,7,238,0,24,231814,0
2018-07-21,70,47,23,17,8,37,28,26,0,0,0,1,0,0,1,0,0,5,26,0,24,231846,0
2018-07-22,70,47,23,19,7,36,27,8,0,0,20,0.2857,0,0.7143,0.7465,0.0141,0.2394,2,28,0,24,231876,0
2018-07-23,70,47,23,32,19,37,29,90,0,0,423,0.1754,0,0.8246,0.4221,0.0033,0.5746,8,513,0,24,232397,0
2018-07-24,70,47,23,26,13,36,29,25,0,0,105,0.1923,0,0.8077,0.5846,0,0.4154,8,130,0,25,232536,0
2018-07-25,70,47,23,31,18,35,29,65,0,0,362,0.1522,0,0.8478,0.4448,0.0015,0.5538,7,427,0,25,232967,0
2018-07-26,70,47,23,28,17,35,28,70,0,0,367,0.1602,0,0.8398,0.4274,0.0033,0.5693,12,437,0,25,233417,0
2018-07-27,70,47,23,27,15,34,27,19,0,0,114,0.1429,0,0.8571,0.5556,0.0041,0.4403,6,133,0,25,233558,0
2018-07-28,70,47,23,18,9,33,27,5,0,0,58,0.0794,0,0.9206,0.3733,0,0.6267,4,63,0,25,233626,0
2018-07-29,70,47,23,19,7,35,27,5,0,0,101,0.0472,0,0.9528,0.3571,0.0079,0.6349,6,106,0,25,233740,0
2018-07-30,71,47,24,24,13,36,26,39,0,0,137,0.2216,0,0.7784,0.6044,0,0.3956,12,176,0,25,233932,0
2018-07-31,71,47,24,32,15,37,27,71,0,0,34,0.6762,0,0.3238,0.8351,0,0.1649,3,105,0,25,234039,0
2018-08-01,71,47,24,23,12,38,26,34,0,0,143,0.1921,0,0.8079,0.4656,0,0.5344,8,177,0,25,234225,0
2018-08-02,71,47,24,24,13,38,25,35,0,0,108,0.2448,0,0.7552,0.5347,0,0.4653,5,143,0,25,234373,0
2018-08-03,71,47,24,23,13,37,24,35,0,0,110,0.2414,0,0.7586,0.488,0,0.512,6,145,0,25,234516,0
2018-08-04,71,47,24,20,12,37,24,16,0,0,283,0.0535,0,0.9465,0.1811,0.0025,0.8164,3,299,0,25,234818,0
2018-08-05,71,47,24,20,10,36,24,22,0,0,42,0.3438,0,0.6563,0.6119,0,0.3881,2,64,0,25,234884,0
2018-08-06,71,47,24,13,5,36,23,11,0,0,13,0.4583,0,0.5417,0.7534,0,0.2466,1,24,0,25,234909,0
2018-08-07,71,47,24,22,10,33,21,33,0,0,143,0.1875,0,0.8125,0.4766,0,0.5234,3,176,0,25,235088,0
2018-08-08,71,47,24,22,11,34,21,80,0,0,121,0.398,0,0.602,0.5945,0,0.4055,5,201,0,25,235294,0
2018-08-09,71,47,24,21,12,32,20,23,0,0,55,0.2949,0,0.7051,0.7231,0,0.2769,5,78,0,25,235377,0
2018-08-10,73,49,24,21,9,33,20,20,0,0,12,0.625,0,0.375,0.9434,0,0.0566,3,32,0,25,235412,0
2018-08-11,73,49,24,13,2,31,17,0,0,0,1,0,0,1,0.9412,0,0.0588,1,1,0,25,235414,0
2018-08-12,73,49,24,12,5,30,17,69,0,0,24,0.7419,0,0.2581,0.7973,0,0.2027,2,93,0,25,235508,0
2018-08-13,73,49,24,25,10,33,20,32,0,0,87,0.2689,0,0.7311,0.6161,0,0.3839,4,119,0,25,235631,0
2018-08-14,73,49,24,23,13,31,20,117,0,0,127,0.4795,0,0.5205,0.7197,0,0.2803,8,244,0,25,235881,0
2018-08-15,73,49,24,25,13,32,21,48,0,0,50,0.4898,0,0.5102,0.7864,0,0.2136,2,98,0,25,235979,0
2018-08-16,73,49,24,21,14,32,20,35,0,0,45,0.4375,0,0.5625,0.7802,0,0.2198,2,80,0,25,236060,0
2018-08-17,73,49,24,21,14,33,21,23,0,0,34,0.4035,0,0.5965,0.8874,0,0.1126,4,57,0,25,236121,0
2018-08-18,73,49,24,19,8,34,21,17,0,0,42,0.2881,0,0.7119,0.5773,0,0.4227,2,59,0,25,236180,0
2018-08-19,73,49,24,10,4,34,21,11,0,0,6,0.6471,0,0.3529,0.8421,0,0.1579,0,17,0,25,236197,0
2018-08-20,73,49,24,19,10,32,20,23,0,0,113,0.1691,0,0.8309,0.4693,0,0.5307,3,136,0,25,236340,0
2018-08-21,74,50,24,20,13,31,22,21,0,0,193,0.0981,0,0.9019,0.4042,0,0.5958,10,214,0,25,236566,0
2018-08-22,74,50,24,23,14,31,22,33,0,0,157,0.1737,0,0.8263,0.5103,0.0034,0.4862,11,190,0,23,236799,0
2018-08-23,74,50,24,22,14,33,23,20,0,0,104,0.1613,0,0.8387,0.6367,0.0041,0.3592,7,124,0,23,236933,0
2018-08-24,74,50,24,21,17,33,24,51,0,0,266,0.1609,0,0.8391,0.4574,0,0.5426,18,317,0,23,237266,0
2018-08-25,74,50,24,14,12,33,23,25,0,0,213,0.105,0,0.895,0.283,0,0.717,8,238,0,23,237512,0
2018-08-26,74,50,24,20,15,35,25,41,0,0,98,0.295,0,0.705,0.52,0,0.48,9,139,0,23,237659,0
2018-08-27,74,50,24,27,19,35,28,293,0,0,422,0.4098,0,0.5902,0.4871,0,0.5129,7,715,0,23,238373,0
2018-08-28,74,50,24,24,15,34,29,34,0,0,59,0.3656,0,0.6344,0.7382,0,0.2618,2,93,0,23,238468,0
2018-08-29,74,50,24,24,15,31,27,30,0,0,57,0.3448,0,0.6552,0.6901,0,0.3099,9,87,0,23,238564,0
2018-08-30,73,49,24,23,15,32,26,41,0,0,144,0.2216,0,0.7784,0.4477,0,0.5523,3,185,0,23,238752,0
2018-08-31,73,49,24,23,13,33,26,59,0,0,210,0.2193,0,0.7807,0.4972,0,0.5028,3,269,0,23,239024,0
2018-09-01,73,49,24,20,10,33,26,23,0,0,73,0.2396,0,0.7604,0.5849,0.0063,0.4088,17,96,0,23,239136,0
2018-09-02,73,49,24,19,12,33,26,6,0,0,299,0.0197,0,0.9803,0.1122,0,0.8878,6,305,0,23,239448,0
2018-09-03,73,49,24,19,11,31,24,13,0,0,182,0.0667,0,0.9333,0.2154,0,0.7846,11,195,0,23,239655,0
2018-09-04,73,49,24,25,16,30,20,11,0,0,564,0.0191,0,0.9809,0.1395,0,0.8605,8,575,0,23,240235,0
2018-09-05,73,49,24,30,21,32,24,109,0,0,532,0.17,0,0.83,0.4149,0,0.5851,9,641,0,23,240885,0
2018-09-06,73,49,24,24,13,32,25,41,0,0,24,0.6308,0,0.3692,0.902,0,0.098,1,65,0,23,240953,0
2018-09-07,73,49,24,31,21,33,26,112,0,0,70,0.6154,0,0.3846,0.8968,0,0.1032,18,182,0,23,241154,0
2018-09-08,73,49,24,24,12,34,26,49,0,0,42,0.5385,0,0.4615,0.767,0,0.233,5,91,0,23,241250,0
2018-09-09,73,49,24,25,13,34,25,43,0,0,48,0.4725,0,0.5275,0.7545,0,0.2455,7,91,0,23,241345,0
2018-09-10,73,49,24,32,18,35,26,94,0,0,247,0.2757,0,0.7243,0.6569,0,0.3431,17,341,0,23,241706,0
2018-09-11,73,49,24,29,19,36,28,106,0,0,286,0.2704,0,0.7296,0.4931,0,0.5069,7,392,0,23,242105,0
2018-09-12,73,49,24,28,21,37,28,164,0,0,283,0.3669,0,0.6331,0.5462,0,0.4538,18,447,0,23,242569,0
2018-09-13,73,49,24,31,17,37,28,294,0,0,111,0.7259,0,0.2741,0.8887,0,0.1113,14,405,0,23,242987,0
2018-09-14,73,49,24,26,16,37,27,70,0,0,137,0.3382,0,0.6618,0.6856,0.0028,0.3116,8,207,0,23,243202,0
2018-09-15,73,49,24,23,8,37,27,42,0,0,67,0.3853,0,0.6147,0.7022,0,0.2978,2,109,0,23,243313,0
2018-09-16,73,49,24,23,12,37,27,35,0,0,8,0.814,0,0.186,0.9098,0,0.0902,4,43,0,23,243361,0
2018-09-17,73,49,24,25,17,36,27,72,0,0,201,0.2637,0,0.7363,0.4196,0,0.5804,5,273,0,23,243639,0
2018-09-18,73,49,24,28,18,37,26,35,0,0,533,0.0616,0,0.9384,0.2443,0,0.7557,12,568,0,23,244218,0
2018-09-19,73,49,24,32,21,36,24,101,0,0,381,0.2095,0,0.7905,0.517,0,0.483,6,482,0,23,244707,0
2018-09-20,73,49,24,26,18,35,24,169,0,0,745,0.1849,0,0.8151,0.4349,0.0008,0.5643,9,914,0,23,245628,0
2018-09-21,73,49,24,27,17,36,25,27,0,0,622,0.0416,0,0.9584,0.2047,0,0.7953,6,649,0,23,246283,0
2018-09-22,73,49,24,21,9,36,26,15,0,0,45,0.25,0,0.75,0.5789,0,0.4211,4,60,0,23,246346,0
2018-09-23,73,49,24,21,13,36,26,48,0,0,114,0.2963,0,0.7037,0.61,0.0041,0.3859,12,162,0,23,246519,0
2018-09-24,73,49,24,25,13,36,27,128,0,0,211,0.3776,0,0.6224,0.643,0,0.357,20,339,0,23,246879,0
2018-09-25,73,49,24,30,15,35,27,27,0,0,145,0.157,0,0.843,0.5756,0,0.4244,5,172,0,23,247056,0
2018-09-26,73,49,24,26,14,35,25,184,0,0,213,0.4635,0,0.5365,0.6728,0,0.3272,8,397,0,23,247461,0
2018-09-27,74,49,25,29,19,36,28,96,3,0,212,0.3087,0.0096,0.6817,0.6667,0.0111,0.3222,6,311,0,23,247785,2
2018-09-28,75,49,26,27,18,36,26,81,60,0,86,0.3568,0.2643,0.3789,0.7189,0.1423,0.1387,14,227,0,23,248034,1
2018-09-29,75,49,26,29,13,39,27,51,22,0,24,0.5258,0.2268,0.2474,0.6652,0.1855,0.1493,10,97,0,23,248148,0
2018-09-30,75,49,26,24,18,39,29,54,77,0,211,0.1579,0.2251,0.617,0.3593,0.2246,0.4161,18,342,0,23,248508,0
2018-10-01,76,49,27,39,24,41,30,288,37,0,367,0.4162,0.0535,0.5303,0.6535,0.0488,0.2977,31,692,0,24,249234,0
2018-10-02,76,49,27,36,25,42,34,459,170,0,309,0.4893,0.1812,0.3294,0.7042,0.1354,0.1604,46,938,0,25,250222,0
2018-10-03,76,49,27,30,19,42,35,43,182,0,265,0.0878,0.3714,0.5408,0.3117,0.2932,0.3951,7,490,0,25,250727,0
2018-10-04,76,49,27,38,22,42,33,95,157,0,381,0.1501,0.248,0.6019,0.4441,0.1652,0.3907,22,633,0,25,251386,0
2018-10-05,76,49,27,31,19,42,34,183,0,0,259,0.414,0,0.586,0.6197,0,0.3803,12,442,0,25,251842,0
2018-10-06,76,49,27,24,11,42,34,61,0,0,26,0.7011,0,0.2989,0.7845,0.0055,0.2099,6,87,0,25,251936,0
2018-10-07,76,49,27,19,9,41,33,24,0,0,151,0.1371,0,0.8629,0.4826,0,0.5174,1,175,0,25,252111,0
2018-10-08,76,49,27,26,15,40,32,73,11,0,222,0.2386,0.0359,0.7255,0.4677,0.0461,0.4862,15,306,0,25,252433,0
2018-10-09,76,49,27,32,20,42,31,80,65,0,154,0.2676,0.2174,0.5151,0.5594,0.1379,0.3027,14,299,0,25,252747,0
2018-10-10,76,49,27,33,21,42,31,131,71,0,343,0.2404,0.1303,0.6294,0.5745,0.1027,0.3228,28,545,0,24,253334,0
2018-10-11,76,49,27,34,20,40,29,409,23,0,334,0.5339,0.03,0.436,0.763,0.017,0.22,22,766,0,24,254131,0
2018-10-12,76,49,27,34,24,40,30,101,12,0,249,0.279,0.0331,0.6878,0.6318,0.0265,0.3417,22,362,0,25,254515,0
2018-10-13,76,49,27,23,17,40,30,62,0,0,109,0.3626,0,0.6374,0.6143,0.0143,0.3714,11,171,0,25,254702,5
2018-10-14,76,49,27,24,14,40,30,175,4,0,2,0.9669,0.0221,0.011,0.9799,0.0125,0.0075,19,181,0,25,254908,0
2018-10-15,76,49,27,31,16,40,30,147,0,0,321,0.3141,0,0.6859,0.5952,0,0.4048,24,468,0,25,255402,0
2018-10-16,76,49,27,33,15,38,28,82,0,0,168,0.328,0,0.672,0.7051,0,0.2949,4,250,0,25,255656,0
2018-10-17,76,49,27,26,17,38,28,53,0,0,125,0.2978,0,0.7022,0.7066,0.003,0.2904,1,178,0,25,255833,0
2018-10-18,76,49,27,32,16,37,28,67,0,0,345,0.1626,0,0.8374,0.5009,0.0018,0.4974,5,412,0,25,256252,0
2018-10-19,76,49,27,30,17,37,25,201,0,0,67,0.75,0,0.25,0.9232,0,0.0768,8,268,0,25,256529,0
2018-10-20,76,49,27,19,13,37,25,54,0,0,81,0.4,0,0.6,0.7205,0.0044,0.2751,13,135,0,25,256678,0
2018-10-21,76,49,27,20,12,36,25,73,0,0,139,0.3443,0,0.6557,0.6657,0,0.3343,6,212,0,25,256896,0
2018-10-22,76,49,27,29,16,35,24,66,0,0,138,0.3235,0,0.6765,0.6411,0,0.3589,4,204,0,25,257106,0
2018-10-23,76,49,27,32,15,35,25,93,0,0,95,0.4947,0,0.5053,0.7506,0,0.2494,6,188,0,25,257301,0
2018-10-24,76,49,27,23,15,35,25,91,0,0,308,0.2281,0,0.7719,0.4798,0,0.5202,11,399,0,25,257709,0
2018-10-25,76,49,27,30,19,35,26,67,0,0,137,0.3284,0,0.6716,0.6824,0,0.3176,6,204,0,25,257921,0
2018-10-26,76,49,27,30,20,34,28,110,0,0,123,0.4721,0,0.5279,0.7823,0,0.2177,21,233,0,25,258172,0
2018-10-27,76,49,27,20,11,34,27,77,0,0,6,0.9277,0,0.0723,0.9191,0,0.0809,5,83,0,25,258260,0
2018-10-28,76,49,27,20,7,35,27,12,0,0,4,0.75,0,0.25,0.8958,0,0.1042,3,16,0,25,258279,0
2018-10-29,76,49,27,23,14,35,26,49,0,0,80,0.3798,0,0.6202,0.7388,0,0.2612,4,129,0,25,258413,0
2018-10-30,76,49,27,29,18,34,27,42,0,0,63,0.4,0,0.6,0.7599,0,0.2401,12,105,0,25,258529,0
2018-10-31,76,49,27,29,19,35,29,115,0,0,280,0.2911,0,0.7089,0.6468,0,0.3532,7,395,0,25,258922,0
2018-11-01,77,50,27,30,20,36,29,131,0,0,135,0.4925,0,0.5075,0.788,0,0.212,6,266,0,25,259196,0
2018-11-02,79,52,27,29,18,38,29,125,0,0,228,0.3541,0,0.6459,0.6841,0,0.3159,10,353,0,26,259561,0
2018-11-03,79,52,27,20,12,38,29,41,0,0,19,0.6833,0,0.3167,0.9242,0,0.0758,2,60,0,26,259622,0
2018-11-04,79,52,27,20,11,38,29,56,0,0,9,0.8615,0,0.1385,0.9504,0,0.0496,7,65,0,26,259695,0
2018-11-05,79,52,27,25,17,38,30,239,0,0,193,0.5532,0,0.4468,0.7466,0,0.2534,15,432,0,26,260140,0
2018-11-06,79,52,27,30,15,40,32,75,0,0,158,0.3219,0,0.6781,0.6304,0,0.3696,1,233,0,26,260374,0
2018-11-07,79,52,27,26,16,40,29,39,0,0,168,0.1884,0,0.8116,0.6136,0.0057,0.3807,10,207,0,26,260591,0
2018-11-08,79,52,27,32,17,40,27,153,0,0,172,0.4708,0,0.5292,0.7698,0,0.2302,10,325,0,26,260927,0
2018-11-09,79,52,27,30,22,40,28,94,0,0,138,0.4052,0,0.5948,0.7473,0,0.2527,11,232,0,26,261170,0
2018-11-10,79,52,27,22,7,41,27,26,0,0,22,0.5417,0,0.4583,0.8623,0,0.1377,3,48,0,26,261222,0
2018-11-11,79,52,27,24,9,42,28,6,0,0,67,0.0822,0,0.9178,0.6115,0,0.3885,4,73,0,26,261299,0
2018-11-12,79,52,27,25,14,42,27,17,0,0,62,0.2152,0,0.7848,0.7566,0,0.2434,4,79,0,26,261383,0
2018-11-13,79,52,27,36,17,39,27,61,0,0,100,0.3789,0,0.6211,0.8,0,0.2,10,161,0,26,261553,0
2018-11-14,79,52,27,24,16,39,28,86,0,0,166,0.3413,0,0.6587,0.7181,0,0.2819,6,252,0,26,261809,0
2018-11-15,79,52,27,34,20,41,29,204,0,0,134,0.6036,0,0.3964,0.8641,0,0.1359,8,338,0,27,262157,0
2018-11-16,79,52,27,31,16,41,28,21,0,0,140,0.1304,0,0.8696,0.6486,0,0.3514,11,161,0,27,262327,0
2018-11-17,79,52,27,19,9,40,28,28,0,0,30,0.4828,0,0.5172,0.7986,0.0072,0.1942,8,58,0,27,262393,0
2018-11-18,79,52,27,19,9,39,27,53,0,0,1,0.9815,0,0.0185,0.9835,0,0.0165,3,54,0,27,262451,0
2018-11-19,79,52,27,34,16,39,26,169,0,0,218,0.4367,0,0.5633,0.7075,0,0.2925,13,387,0,27,262854,0
2018-11-20,79,52,27,25,16,39,24,53,0,0,200,0.2095,0,0.7905,0.6196,0,0.3804,14,253,0,27,263114,0
2018-11-21,79,52,27,25,16,39,25,231,0,0,161,0.5893,0,0.4107,0.8018,0,0.1982,5,392,0,27,263509,0
2018-11-22,79,52,27,36,18,39,26,196,0,0,460,0.2988,0,0.7012,0.5937,0,0.4063,3,656,0,26,264170,0
2018-11-23,79,52,27,32,14,38,23,67,0,0,36,0.6505,0,0.3495,0.8933,0,0.1067,3,103,0,26,264273,0
2018-11-24,80,53,27,24,12,39,24,69,0,0,88,0.4395,0,0.5605,0.7753,0,0.2247,11,157,0,26,264441,0
2018-11-25,80,53,27,26,13,39,25,57,0,0,59,0.4914,0,0.5086,0.8137,0,0.1863,2,116,0,26,264559,0
2018-11-26,80,53,27,30,15,39,26,154,0,0,124,0.554,0,0.446,0.838,0,0.162,25,278,0,26,264860,0
2018-11-27,80,53,27,30,18,40,27,74,0,0,155,0.3231,0,0.6769,0.6212,0,0.3788,7,229,0,26,265088,0
2018-11-28,80,53,27,36,20,40,27,391,0,0,248,0.6119,0,0.3881,0.8159,0,0.1841,8,639,0,26,265734,0
2018-11-29,80,53,27,32,22,39,27,121,0,0,97,0.555,0,0.445,0.8158,0.004,0.1802,6,218,0,26,265956,0
2018-11-30,80,54,26,35,23,40,29,194,0,0,721,0.212,0,0.788,0.5285,0.0007,0.4708,8,915,0,26,266878,0
2018-12-01,80,54,26,25,14,40,30,56,0,0,100,0.359,0,0.641,0.6751,0.0072,0.3177,3,156,0,26,267038,0
2018-12-02,80,54,26,23,14,39,29,91,0,0,27,0.7712,0,0.2288,0.9052,0,0.0948,1,118,0,26,267158,0
2018-12-03,80,54,26,31,18,41,30,384,0,0,317,0.5478,0,0.4522,0.7868,0,0.2132,11,701,0,26,267871,0
2018-12-04,80,54,26,31,19,41,30,104,0,0,130,0.4444,0,0.5556,0.7724,0,0.2276,8,234,0,26,268112,0
2018-12-05,80,54,26,31,19,40,32,27,0,0,505,0.0508,0,0.9492,0.283,0,0.717,9,532,0,26,268647,0
2018-12-06,80,54,26,28,15,40,31,148,1,0,62,0.7014,0.0047,0.2938,0.901,0.0156,0.0833,8,211,0,26,268863,0
2018-12-07,80,54,26,26,17,37,30,130,0,0,258,0.3351,0,0.6649,0.6667,0,0.3333,8,388,0,26,269258,0
2018-12-08,80,54,26,23,15,37,31,25,0,0,399,0.059,0,0.941,0.3284,0,0.6716,2,424,0,26,269685,0
2018-12-09,80,54,26,26,13,39,30,19,0,0,38,0.3333,0,0.6667,0.7748,0.0132,0.2119,5,57,0,26,269746,0
2018-12-10,80,54,26,26,17,38,30,145,0,0,160,0.4754,0,0.5246,0.818,0,0.182,4,305,0,27,270055,0
2018-12-11,80,54,26,26,21,37,29,121,0,0,157,0.4353,0,0.5647,0.7896,0.0017,0.2087,8,278,0,27,270342,0
2018-12-12,80,54,26,26,15,35,26,120,0,0,84,0.5882,0,0.4118,0.7818,0,0.2182,6,204,0,27,270554,0
2018-12-13,80,54,26,35,22,40,29,126,0,0,37,0.773,0,0.227,0.9354,0,0.0646,8,163,0,28,270724,0
2018-12-14,80,54,26,28,17,41,30,34,0,0,341,0.0907,0,0.9093,0.3852,0,0.6148,11,375,0,28,271112,0
2018-12-15,80,54,26,20,9,41,30,46,0,0,44,0.5111,0,0.4889,0.7826,0,0.2174,12,90,0,28,271210,0
2018-12-16,80,54,26,20,14,39,30,116,0,0,19,0.8593,0,0.1407,0.9533,0,0.0467,7,135,0,28,271353,0
2018-12-17,80,54,26,22,12,39,30,96,0,0,32,0.75,0,0.25,0.9052,0.0031,0.0917,18,128,0,28,271499,0
2018-12-18,80,54,26,23,13,39,24,162,0,0,132,0.551,0,0.449,0.7943,0,0.2057,13,294,0,28,271805,0
2018-12-19,80,54,26,29,17,39,25,158,0,0,23,0.8729,0,0.1271,0.9509,0,0.0491,18,181,0,28,272004,0
2018-12-20,80,54,26,24,13,34,24,98,0,0,23,0.8099,0,0.1901,0.958,0,0.042,8,121,0,28,272129,0
2018-12-21,80,54,26,21,12,32,21,56,0,0,7,0.8889,0,0.1111,0.9503,0,0.0497,5,63,0,28,272197,0
2018-12-22,80,54,26,15,8,31,20,40,0,0,1,0.9756,0,0.0244,0.9932,0,0.0068,6,41,0,28,272243,0
2018-12-23,80,54,26,17,7,30,19,18,0,0,13,0.5806,0,0.4194,0.8557,0,0.1443,2,31,0,28,272277,0
2018-12-24,80,54,26,22,10,33,19,20,0,0,46,0.303,0,0.697,0.7952,0,0.2048,8,66,0,28,272349,1
2018-12-25,80,54,26,14,5,34,20,48,0,0,19,0.7164,0,0.2836,0.8861,0,0.1139,20,67,0,28,272439,0
2018-12-26,80,54,26,19,5,31,19,5,0,0,4,0.5556,0,0.4444,0.9219,0,0.0781,4,9,0,28,272452,0
2018-12-27,80,54,26,15,8,30,17,21,0,0,89,0.1909,0,0.8091,0.5149,0,0.4851,3,110,0,28,272565,0
2018-12-28,80,54,26,17,7,28,17,244,0,0,57,0.8106,0,0.1894,0.8114,0,0.1886,8,301,0,28,272875,0
2018-12-29,80,54,26,12,7,28,15,40,0,0,17,0.7018,0,0.2982,0.9029,0,0.0971,5,57,0,28,272939,0
2018-12-30,80,54,26,22,12,31,16,80,0,0,43,0.6504,0,0.3496,0.854,0,0.146,22,123,0,28,273083,0
2018-12-31,80,54,26,22,8,32,18,28,0,0,7,0.8,0,0.2,0.9489,0,0.0511,11,35,0,28,273132,1
2019-01-01,80,54,26,23,12,33,19,94,0,0,27,0.7769,0,0.2231,0.9155,0,0.0845,4,121,0,28,273258,0
2019-01-02,80,54,26,26,12,33,19,99,0,0,6,0.9429,0,0.0571,0.981,0,0.019,5,105,0,28,273368,0
2019-01-03,80,54,26,26,14,33,20,80,0,0,105,0.4324,0,0.5676,0.7586,0,0.2414,5,185,0,28,273559,0
2019-01-04,80,54,26,21,12,34,21,60,0,0,48,0.5556,0,0.4444,0.7766,0,0.2234,6,108,0,28,273673,0
2019-01-05,80,54,26,25,11,34,23,145,0,0,114,0.5598,0,0.4402,0.764,0,0.236,5,259,0,28,273936,0
2019-01-06,80,54,26,18,3,34,23,2,0,0,7,0.2222,0,0.7778,0.875,0,0.125,1,9,0,28,273946,0
2019-01-07,80,54,26,30,15,37,23,413,0,0,89,0.8227,0,0.1773,0.9266,0,0.0734,13,502,0,28,274463,0
2019-01-08,80,54,26,32,22,37,22,147,0,0,325,0.3114,0,0.6886,0.6732,0,0.3268,19,472,0,28,274950,0
2019-01-09,80,54,26,33,15,37,23,48,0,0,172,0.2182,0,0.7818,0.6209,0,0.3791,7,220,0,28,275177,0
2019-01-10,80,54,26,33,12,37,23,127,0,0,512,0.1987,0,0.8013,0.437,0,0.563,4,639,0,28,275822,0
2019-01-11,80,54,26,31,18,38,23,472,0,0,447,0.5136,0,0.4864,0.7229,0,0.2771,19,919,0,28,276761,0
2019-01-12,80,54,26,27,14,37,23,62,0,0,71,0.4662,0,0.5338,0.7712,0,0.2288,4,133,0,28,276898,0
2019-01-13,80,54,26,23,13,38,24,36,0,0,55,0.3956,0,0.6044,0.7731,0,0.2269,13,91,0,28,277002,0
2019-01-14,80,54,26,30,17,38,24,117,0,0,146,0.4449,0,0.5551,0.7676,0,0.2324,20,263,0,29,277288,0
2019-01-15,80,54,26,26,17,39,25,249,0,0,118,0.6785,0,0.3215,0.865,0,0.135,9,367,0,36,277663,0
